ts,equity
1769885422,100.0
1769886012,99.11030746740232
1769886013,99.18286136458309
1769886014,99.55764286249892
1769886015,98.48340366885674
1769886016,98.15648781227416
1769886017,115.53089179237367
1769886018,115.99870053192714
1769886019,119.54636426469553
1769886020,124.58094967099736
1769886021,124.66528987474055
1769886022,124.6018234232144
1769886023,124.39474154863667
1769886024,123.79302568098788
1769886025,123.79302568098788
1769886026,125.80116306046854
1769886027,125.64537338141284
1769886028,125.64537338141284
1769886029,125.46819380311386
1769886030,125.1612286289845
1769886031,124.82601370832712
1769886032,124.32103858394902
1769886613,124.14608004331883
1769886614,123.97635630329658
1769886615,142.9395383150023
1769886616,146.41248205169197
1769886617,152.36651804892102
1769886618,151.6144545260342
1769886619,151.5349993644246
1769886620,152.57242543374386
1769886621,152.36049657230396
1769886622,151.217497283036
1769887213,151.04253874240584
1769887214,150.89957310376857
1769887215,169.60336376056048
1769887216,179.00665575595661
1769887217,179.19092323750482
1769887218,178.3817655433267
1769887219,179.63948988793788
1769887220,180.1541665048533
1769887221,179.1290302812096
1769887812,178.95407174057942
1769887813,179.06292746197246
1769887814,178.93273383551016
1769887815,179.22147257424893
1769887816,198.770513085976
1769887817,202.2079171360089
1769887818,208.13826539471535
1769887819,208.35768031099803
1769887820,207.98451790331183
1769887821,207.4430517738144
1769887822,209.3635847510638
1769887823,208.80454825039882
1769887824,208.76103699312586
1769887825,209.09833091567
1769887826,208.67140996486847
1769887827,208.2895557948583
1769888412,208.11459725422813
1769888413,208.22555295360044
1769888414,225.7315489476561
1769888415,229.47723302611826
1769888416,235.78145493891626
1769888417,235.27347449690285
1769888418,236.79437784256936
1769888419,237.07821025908433
1769888420,236.26943513827263
1769889012,236.09447659764245
1769889013,235.99452182604588
1769889014,235.9024070361699
1769889015,252.88537456896452
1769889016,253.1171798283817
1769889017,256.45845736810895
1769889018,256.38979766362837
1769889019,256.33977822437697
1769889020,256.12503176397297
1769889021,256.0457831312683
1769889022,256.3395657965395
1769889023,255.5307906757278
1769889613,254.8409067619633
1769889614,255.14342986075508
1769889615,254.66150614599556
1769889616,273.2484537782926
1769889617,273.52137488703465
1769889618,277.09654250020424
1769889619,276.97240130143615
1769889620,276.935692951295
1769889621,277.0335905600255
1769889622,276.69441824989275
1769889623,277.1470414972921
1769889624,277.611003167744
1769889625,277.611003167744
1769889626,277.90478583301524
1769889627,277.4778648822137
1769889628,277.0960107122035
1769890213,276.40612679843895
1769890214,276.65739947022
1769890215,275.8903478679208
1769890216,276.4243788408756
1769890217,279.58851093481024
1769890218,280.53105835329256
1769890219,280.6459430009332
1769890220,280.99460766245386
1769890221,280.8802350258033
1769890813,279.6434886501546
1769890814,279.63007448216194
1769890815,279.45171627320667
1769890816,279.0713949869387
1769890817,279.3443160956807
1769890818,282.70785429441133
1769890819,282.8882982285866
1769890820,282.82483177706047
1769890821,282.3238182066878
1769890822,282.2441461162543
1769890823,283.81125727511596
1769890824,283.24390427115884
1769890825,283.2564460818793
1769890826,283.2875040274456
1769890827,282.68668910563883
1769891413,281.8317969000003
1769891414,281.79209540746297
1769891415,281.6462176533762
1769891416,281.0646843640461
1769891417,281.2680054411022
1769891418,284.3138595041204
1769891419,283.9689300162215
1769891420,283.46943856150614
1769891421,283.68400278450645
1769891422,284.6217006587715
1769891423,284.617711401387
1769891424,284.60776115263076
1769891425,284.8433055972406
1769891426,284.5896433529067
1769891427,283.85132152120497
1769892013,283.2538920021336
1769892014,283.2433620432325
1769892015,282.21235966728034
1769892016,285.35118870504886
1769892017,284.9372686689764
1769892018,285.43351857707717
1769892019,286.9284587391815
1769892020,286.393252491514
1769892021,286.4857138354374
1769892613,285.0268415302964
1769892614,284.9169754759527
1769892615,283.8788857873325
1769892616,287.214150769386
1769892617,286.9142167244107
1769892618,287.5601420579033
1769892619,288.4942669185128
1769892620,288.59610489546094
1769892621,287.9899671255292
1769893228,287.13507491989066
1769893230,286.74413459984584
1769893231,286.7737365898956
1769893232,286.8363402383201
1769893233,286.8611029543433
1769893234,286.8611029543433
1769893235,286.90615546954507
1769893236,290.51167299470126
1769893237,290.4092683512518
1769893238,290.0494508971688
1769893239,290.01274254702764
1769893240,289.7391841225097
1769893241,290.30912015662483
1769893242,291.65053806707255
1769893243,292.8227004187417
1769893244,292.15732268693864
1769893245,292.15732268693864
1769893246,292.46930479616657
1769893247,292.3355983285049
1769893248,291.7720433435729
1769893249,291.7521428460604
1769893812,291.41217601355623
1769893813,291.4238061744401
1769893814,291.78982374923925
1769893815,292.1333878834554
1769893816,294.9827207928432
1769893817,294.6987536820104
1769893818,297.3865889449026
1769893819,296.927024888131
1769893820,296.89418012501847
1769894412,295.59568871112015
1769894413,295.28189512493844
1769894414,295.1335809178847
1769894415,295.8553243311442
1769894416,298.6897692743479
1769894417,298.25571987294774
1769894418,301.1896040236229
1769894419,300.28002497800423
1769894420,300.6539233433205
1769894421,299.4716474468173
1769895012,299.21418476025013
1769895013,298.8434695828631
1769895014,299.0810317719178
1769895015,298.6251229104281
1769895016,298.6639753653253
1769895017,298.9180383835674
1769895018,299.66672914031
1769895019,302.9205434023332
1769895020,302.4639541680535
1769895021,302.4822910550471
1769895022,302.2624766654566
1769895023,301.863057096634
1769895024,303.64521498849336
1769895025,304.62531449098094
1769895026,304.29186538509174
1769895027,303.589907693873
1769895028,303.57995744511675
1769895029,303.9560768481019
1769895030,303.702414603768
1769895031,303.2534925473832
1769895032,302.996029860816
1769895612,302.39860034174467
1769895613,301.7773507048503
1769895614,302.0073200391187
1769895615,305.23025773769103
1769895616,304.8954147425219
1769895617,307.35155315910805
1769895618,306.35133534976916
1769895619,306.45179140283716
1769895620,305.63077373133797
1769896212,305.0333442122666
1769896213,304.7949209439926
1769896214,304.6493614784476
1769896215,305.0160847439356
1769896216,309.3696976318768
1769896217,308.39215161465063
1769896218,310.64943388461944
1769896219,309.79029690229294
1769896220,310.12232391412647
1769896221,309.3013062426273
1769896812,308.70387672355594
1769896813,308.56478955072447
1769896815,308.30930492565705
1769896816,308.54686711471174
1769896817,308.8669334497035
1769896818,308.85698320094724
1769896819,308.847032952191
1769896820,308.9209876735337
1769896821,308.9209876735337
1769896822,308.9209876735337
1769896824,309.1750506917758
1769896825,309.58060711407774
1769896826,309.58060711407774
1769896828,312.8344213761009
1769896829,312.8344213761009
1769896830,313.56700844077756
1769896831,312.9243922534217
1769896834,312.9427291404153
1769896835,312.88231064079076
1769896838,312.5423438082866
1769896839,313.68353073081676
1769896840,313.68353073081676
1769896841,314.66363023330433
1769896843,314.7270170031588
1769896845,314.32395876493814
1769896848,313.5515707052366
1769896849,313.6926449948057
1769896850,314.078714646547
1769896852,314.1347677145404
1769896853,314.0010612468787
1769896854,313.8811054702065
1769896855,313.8811054702065
1769896856,314.0414863614492
1769896857,313.4375062619467
1769896859,313.4375062619467
1769897411,312.58261405630816
1769897412,312.1072409219798
1769897413,311.89013202203495
1769897414,312.4465531683359
1769897415,317.15369885933865
1769897416,316.38205900458314
1769897417,317.8184857865799
1769897418,318.1262780577173
1769897419,317.4975681589353
1769897420,317.6860286343361
1769898013,316.2225289285638
1769898014,315.9071096877714
1769898015,315.79188422776974
1769898016,316.7049214166647
1769898017,316.51208453896174
1769898018,316.5234056708132
1769898019,318.2332382416947
1769898020,317.536788096775
1769898021,317.65924525542624
1769898612,316.09674057452963
1769898613,315.6313176889575
1769898614,315.8472819851237
1769898615,316.4214113383575
1769898616,316.3409743420524
1769898617,316.85905062729285
1769898618,317.3564161743968
1769898619,317.25401153094737
1769898620,319.200648210563
1769898622,319.2189850975566
1769898623,318.6928829008127
1769898624,320.37963959353954
1769898625,319.8647142204052
1769898626,320.5419653200535
1769898627,320.21849931673677
1769898628,319.4343249504728
1769898629,319.5780031113923
1769898630,320.1191308062514
1769898631,319.8654685619175
1769898632,320.0258494531602
1769898633,319.0654016919662
1769899212,318.3029638810209
1769899213,317.7971276774235
1769899214,317.50801515920637
1769899215,318.5234569915508
1769899216,320.5904886716383
1769899217,320.01214149069654
1769899218,321.8123336354359
1769899219,320.8477821114466
1769899220,320.99381188322263
1769899812,319.431307202326
1769899813,319.1047949671219
1769899814,318.74912885324676
1769899815,319.58533566380544
1769899816,321.6125882895655
1769899817,321.7367730915662
1769899818,323.4885817035845
1769899819,322.8892926986212
1769899820,323.2664212010145
1769900412,321.5435356288752
1769900413,321.07811274330305
1769900414,321.3415096143694
1769900415,321.2016533401847
1769900416,321.24985676749253
1769900417,321.78155541710163
1769900418,321.9520718823942
1769900419,323.7280755848123
1769900420,323.7757170503816
1769900421,325.35951163059406
1769900422,325.5321208069346
1769900423,324.5446087552853
1769900424,324.2771958199619
1769900425,324.9426173001317
1769900426,324.6889550557978
1769900427,324.1463508724137
1769901012,323.1264503749012
1769901013,322.91849017589624
1769901014,322.7467095441711
1769901015,323.12231564067264
1769901016,324.7344336221936
1769901017,324.12307479266747
1769901018,326.4334633261903
1769901019,325.9881855630719
1769901020,326.7678435530006
1769901021,325.9715771252826
1769901612,324.9516766277701
1769901613,324.52131989910333
1769901614,324.6389263114858
1769901615,324.36320297456837
1769901616,324.8812792598088
1769901617,324.98352012587185
1769901618,326.35623271236466
1769901619,326.3462824636084
1769901620,325.6678800035069
1769901621,327.70995070589555
1769901622,328.0300170408873
1769901623,326.6376578548769
1769901624,326.8014005449354
1769901625,327.30444940320814
1769901626,327.26439653136663
1769901627,326.5614114567398
1769902212,325.5415109592273
1769902213,325.40242378639584
1769902214,325.71593466338345
1769902215,325.8802334381299
1769902216,326.39830972337035
1769902217,326.5005505894334
1769902218,327.88464305812437
1769902219,327.8746928093681
1769902220,327.21109878571684
1769902221,329.05380667484263
1769902222,329.25888712552126
1769902223,328.4237959149076
1769902224,329.16674513641146
1769902225,328.91308289207757
1769902226,328.4237071899431
1769902812,327.5688149843046
1769902813,327.96279688204476
1769902814,327.6847767264126
1769902815,328.09153966808793
1769902816,329.41224591943984
1769902817,330.71393737316356
1769902818,330.07015224688337
1769902819,330.660786122042
1769902820,330.12675867861395
1769903411,329.27186647297543
1769903412,329.12274261435687
1769903413,330.0729913705757
1769903414,330.17726490215085
1769903415,331.44786938959504
1769903416,331.0880020595784
1769903417,332.571878356283
1769903418,331.82717335538064
1769903419,332.4381159433853
1769903420,331.6466258133901
1769904015,331.04919629431873
1769904016,330.6526464349201
1769904018,330.64269618616385
1769904019,330.8703081264623
1769904020,330.86035787770606
1769904021,330.8404573801936
1769904022,330.76503291521686
1769904023,330.76503291521686
1769904024,331.03009648625056
1769904025,330.9866233756133
1769904027,330.87068134662775
1769904028,333.170847184107
1769904029,332.87033885618143
1769904030,332.88867574317504
1769904032,332.28008448348174
1769904033,332.9065947890965
1769904034,334.00006972212367
1769904035,334.6501526408633
1769904037,333.7645586242512
1769904038,333.31184879094434
1769904039,333.31184879094434
1769904040,333.4755914810028
1769904041,333.84663370577636
1769904042,333.7129272381147
1769904043,333.70297698935843
1769904044,333.3126062623483
1769904045,333.3126062623483
1769904612,332.4577140567098
1769904613,332.2415248876127
1769904614,334.84587288081497
1769904615,335.11093645184866
1769904616,335.73300468212585
1769904617,337.7187148476543
1769904618,337.5801472072384
1769904619,339.8169394365679
1769904620,338.8890022771913
1769904621,340.52891964939465
1769904622,339.9948922059666
1769905213,339.30500829220205
1769905214,342.1353237064726
1769905215,342.9621604464174
1769905216,343.4074340782582
1769905217,345.2494091196179
1769905218,346.8403117493264
1769905219,346.6804661474761
1769905220,348.7054028673854
1769905221,348.51789283689266
1769905812,347.66300063125414
1769905813,347.74157514996494
1769905814,348.9905386657195
1769905815,349.70501261643585
1769905816,349.97007618746954
1769905817,350.8396568555577
1769905818,353.406660546779
1769905819,353.2373888674501
1769905820,353.87804274093975
1769905821,355.786389894063
1769905822,355.15420143646526
1769905823,354.8815418785793
1769905824,356.7414703066146
1769905825,357.0942943201873
1769905826,355.97538884755045
1769906412,355.6354220150463
1769906413,356.8066016897951
1769906414,357.8861944907049
1769906415,361.2179500528238
1769906416,361.3692329433032
1769906417,363.47155003280386
1769906418,362.6153910675508
1769906419,364.7482406043281
1769907024,363.7092380365219
1769907025,363.4708147682479
1769907026,364.07125732291644
1769907027,365.337466644398
1769907028,365.60253021543167
1769907029,365.70207218810793
1769907030,369.25630104382935
1769907031,368.8880383201805
1769907032,368.9309798008259
1769907033,370.6175872398214
1769907034,369.9636763981168
1769907035,370.21633984854145
1769907036,371.67282933095396
1769907037,372.1981136237756
1769907038,372.411722996268
1769908211,371.89679762313364
1769908212,371.4523355443871
1769908213,373.3096962517962
1769908214,373.7911066600723
1769908215,376.7815988162685
1769908216,376.84287718390755
1769908217,377.68186051183824
1769908218,377.8358850462634
1769908219,378.3512190903288
1769908811,378.04990308968684
1769908812,377.4996187968652
1769908813,378.74268915933857
1769908814,379.67670047188886
1769908815,383.1067881288422
1769908816,383.15024709975086
1769908817,384.73246877525605
1769908818,383.890039767387
1769908819,384.63830844904146
1769909411,384.6983108563597
1769909412,384.40548925010523
1769909413,385.00593180477375
1769909414,384.4996089458873
1769909415,384.42470568441684
1769909416,384.66275074928154
1769909417,387.0713418517402
1769909418,387.0896787387338
1769909419,386.98941237648114
1769909420,388.92353225328753
1769909421,388.27269921492206
1769909422,388.39742145353136
1769909423,388.2362626214523
1769909424,388.5091837301943
1769909425,388.3754772625326
1769910012,387.86055188939827
1769910013,387.5677302831438
1769910014,388.41751810872177
1769910015,387.7103530555778
1769910016,390.74358883354364
1769910017,390.1237005169293
1769910018,391.9730048922233
1769910019,391.24983654585236
1769910020,391.1278101150082
1769910021,391.00956206952134
1769910612,390.75209938295416
1769910613,390.2301356720967
1769910614,390.0925137761825
1769910615,390.6146550539208
1769910616,392.9111215293975
1769910617,392.5034399936533
1769910618,393.95655208927184
1769910619,393.26107528857113
1769910620,393.2782634988073
1769911211,393.2782634988073
1769911212,393.29330593369167
1769911213,393.87450707086293
1769911214,393.2872977943912
1769911215,393.2123945329207
1769911216,393.365274027786
1769911217,393.6794287785079
1769911218,393.66947852975164
1769911219,393.29950022861664
1769911220,394.8309998732505
1769911221,394.2936046993013
1769911222,394.1316658141815
1769911223,394.0096393833373
1769911224,394.14885402441763
1769911812,394.14885402441763
1769911813,393.9442886161648
1769911814,394.97874135248315
1769911815,394.21761594239376
1769911816,394.84399792138765
1769911817,394.6768110812612
1769911818,395.07256631805217
1769911819,395.0526658205397
1769911820,395.08453246136156
1769911821,396.7266374127948
1769911822,396.05417031491965
1769911823,395.89223142979984
1769911824,395.77020499895565
1769911825,395.909419640036
1769912412,395.909419640036
1769912413,395.6349683669895
1769912414,396.44010932884686
1769912415,394.8439922106314
1769912416,395.32488141540125
1769912417,395.30498091788877
1769912418,395.6957534428007
1769912419,395.74595697061613
1769912420,396.3866108441058
1769912421,397.6068731688457
1769912422,396.9811145928248
1769912423,396.80705429721354
1769912424,396.61625235454596
1769912425,396.7554669956263
1769913027,396.7554669956263
1769913028,397.0107028644748
1769913029,397.33076919946654
1769913030,397.4270507271801
1769913031,397.69211429821377
1769913032,398.11726277585836
1769913033,397.4415113486626
1769913034,397.61962080139887
1769913035,398.1627232164942
1769913036,398.5350801816683
1769913037,397.8963878167215
1769913038,397.6207601828849
1769913039,397.58873827488105
1769913040,397.7279529159614
1769913611,397.7279529159614
1769913612,397.7675051547674
1769913613,397.44861912625356
1769913614,398.3085852073905
1769913615,397.77820766527014
1769913616,397.7977541903478
1769913617,397.56723910231113
1769913618,397.2717862964106
1769913619,397.33183380323743
1769914211,397.33183380323743
1769914212,397.3713860420434
1769914213,397.85789745051824
1769914214,397.57074448825296
1769914215,397.8918740211472
1769914216,397.3516530903205
1769914217,398.0985920417731
1769914218,396.98299053223
1769914219,396.79917253474355
1769914220,396.7475852331563
1769914812,396.7475852331563
1769914813,396.7871374719623
1769914814,396.66338840122404
1769914815,397.5020522249625
1769914816,397.54621490669945
1769914817,396.8565493223894
1769914818,397.1216128934231
1769914819,397.4694451606584
1769914820,397.4495446631459
1769914821,396.9064740629695
1769914822,396.92402519619225
1769914824,396.81652348904174
1769914825,396.86488305379686
1769914826,395.47063685512137
1769914827,395.1253471744923
1769914828,395.2054014485764
1769914829,395.1262343143229
1769914830,395.39915542306494
1769914831,395.26544895540326
1769915411,395.26544895540326
1769915412,395.30500119420924
1769915413,395.59752775891656
1769915414,394.9619751050997
1769915415,395.41049603970964
1769915416,395.2302307581774
1769915417,394.97713349937334
1769915418,393.67541009970853
1769915419,393.00014646903867
1769915420,392.92097933478516
1769916011,393.0601939758655
1769916012,392.9660397470098
1769916013,392.9393179389641
1769916014,393.5799219365202
1769916015,393.20416145322235
1769916016,392.9492025874206
1769916017,391.9497062410166
1769916018,391.3707216163826
1769916019,391.6314714386996
1769916611,391.4977649710379
1769916612,391.5373172098439
1769916615,391.4135681391056
1769916616,392.14615520378226
1769916617,391.96035658093103
1769916620,391.5588905218706
1769916621,391.5588905218706
1769916622,391.757371799692
1769916623,391.9061464449841
1769916624,391.9862007190682
1769916626,391.976250470312
1769916628,391.88381885549234
1769916629,391.88381885549234
1769916630,391.9013699887151
1769916631,391.67167019049253
1769916632,391.29774200352426
1769916633,390.56280557455796
1769916634,389.89538148989425
1769916635,389.96548551522216
1769916636,389.9057313200961
1769916637,390.1215569538322
1769916639,389.98785048617054
1769917212,389.98785048617054
1769917213,389.913842618532
1769917214,390.3865816644796
1769917215,390.59559945216847
1769917216,391.23520015489527
1769917217,390.9665209584768
1769917218,390.061395023139
1769917219,389.9916905792567
1769917812,390.13090522033707
1769917813,391.1505641097978
1769917814,390.48489212647615
1769917815,390.6266324021114
1769917816,392.1781111196348
1769917817,391.76886957273183
1769917818,390.40187024397875
1769917819,390.5706777856234
1769917820,390.6762412382018
1769918412,390.6762412382018
1769918413,390.62333908231454
1769918414,391.3559261469912
1769918415,390.66113505333885
1769918416,390.80750844951586
1769918417,390.54521646118167
1769918418,390.9353868215013
1769918419,391.99817230926715
1769918420,391.8293672119467
1769918421,391.06680822254776
1769918422,390.2020164445905
1769918423,390.27212046991843
1769918424,390.12005924986727
1769918425,390.2592738909476
1769919012,390.2592738909476
1769919013,390.92900855098077
1769919014,390.3905411022617
1769919015,390.53374261795125
1769919016,391.5273675960322
1769919017,390.35486057891467
1769919018,389.6351179306858
1769919019,389.6490486273426
1769919612,389.5153421596809
1769919613,389.45248975503745
1769919614,389.8253129389454
1769919615,389.4915002028282
1769919616,391.1964347702812
1769919617,390.9690190842245
1769919618,389.49676919331364
1769919619,389.4784945803441
1769919620,389.4740525050065
1769920212,389.0382316094841
1769920213,389.020756485106
1769920214,389.99090573883734
1769920215,389.5861395966485
1769920216,389.6122879247753
1769920217,389.424929263536
1769920218,391.0354778508031
1769920219,390.76660774056995
1769920220,390.3495269413772
1769920221,389.6501805361484
1769920222,389.17761927434873
1769920223,389.1233384397159
1769920224,389.3021053196022
1769920225,388.9604386529356
1769920811,388.73257795641814
1769920812,389.39236236769506
1769920813,388.97764597674995
1769920814,389.0757343880109
1769920815,389.83040426334196
1769920816,388.6387945283683
1769920817,387.87251075071026
1769920818,387.581008286132
1769921411,387.1451873906096
1769921412,387.0705486794037
1769921413,387.6359317909462
1769921414,387.5411533675492
1769921415,389.1733426626197
1769921416,388.1260733452336
1769921417,387.1060662948525
1769921418,386.5901283961961
1769921419,386.5213828382715
1769922011,386.29352214175407
1769922012,386.33307438056005
1769922015,386.2884226392665
1769922016,387.04851108592214
1769922017,386.92960561328533
1769922018,386.6697935624284
1769922020,386.6598433136722
1769922022,386.6399428161597
1769922023,386.67604139304274
1769922024,386.3727430698439
1769922026,386.4428470951718
1769922027,386.4428470951718
1769922028,386.82891674691314
1769922030,389.12415696373944
1769922032,389.1692094789412
1769922033,388.79987965746034
1769922036,388.4890319352869
1769922037,388.06341622444546
1769922038,387.7234493919413
1769922040,387.4223080398781
1769922041,387.1598618814087
1769922043,386.9808787482938
1769922044,386.82179073845947
1769922045,386.82179073845947
1769922046,386.82179073845947
1769922048,386.76750990382664
1769922050,386.4877213466127
1769922051,386.76064245535474
1769922053,386.62693598769306
1769922054,386.4189757886881
1769922055,386.4189757886881
1769922056,386.40902553993186
1769922057,386.3990752911756
1769922611,386.19111509217066
1769922612,386.7275000279568
1769922613,386.275886116836
1769922614,386.2054634279938
1769922615,388.785886708417
1769922616,387.4794951383098
1769922617,386.48136850358867
1769922618,386.0977966241797
1769922619,386.0290510662551
1769923212,385.80119036973764
1769923213,386.51021271831223
1769923214,386.06854905594764
1769923215,385.79829478170166
1769923216,388.447078640187
1769923217,386.82959904873474
1769923218,385.9557357067744
1769923219,385.57216382736544
1769923220,385.50341826944083
1769923811,385.2755575729234
1769923812,385.31510981172937
1769923815,385.2585408049116
1769923816,386.20223898069935
1769923817,386.262392757271
1769923819,386.0224812039266
1769923820,386.01253095517035
1769923821,386.01253095517035
1769923822,386.0025807064141
1769923823,385.76217717843684
1769923824,385.76217717843684
1769923825,385.7894219071741
1769923826,385.7894219071741
1769923827,386.15663346841546
1769923828,388.5344502667766
1769923831,388.6955588651986
1769923832,388.3662678204225
1769923834,388.05542009824904
1769923835,387.84063196992514
1769923836,387.4747463442899
1769923837,387.46479609553364
1769923838,386.8673665764623
1769923839,386.73181300105574
1769923841,386.67356764248274
1769923843,386.541869673
1769923844,386.541869673
1769923846,386.4875888383672
1769923848,386.26251355687987
1769923850,386.5354346656219
1769923851,386.4017281979602
1769923852,386.4017281979602
1769923853,386.19376799895525
1769923854,386.19376799895525
1769923855,386.17386750144277
1769924426,385.9659073024378
1769924427,386.9869958253405
1769924428,386.0128991370646
1769924429,385.83693531531804
1769924430,387.9483939993829
1769924431,386.44278154284433
1769924432,385.47313688862255
1769924433,385.1390674967758
1769924434,384.812859252284
1769925011,384.34743636671186
1769925012,384.26466916822153
1769925013,384.6648412874234
1769925014,384.4045372619337
1769925015,386.89777145034026
1769925016,386.2576326833907
1769925017,384.70776118568034
1769925018,384.4708168510881
1769925019,384.44574873926626
1769925611,384.4059477442413
1769925613,384.3335018342563
1769925614,385.1121917181701
1769925615,384.8856937877679
1769925616,384.87574353901164
1769925617,384.90883893161384
1769925618,384.76280469430696
1769925619,384.79999967180044
1769925620,387.0018872925204
1769925621,387.1359945340903
1769925622,387.0641661758813
1769925624,386.74336820495165
1769925625,385.81960529905103
1769925626,385.65693482393334
1769925627,385.5754147136414
1769925628,385.5138316035508
1769925629,385.5138316035508
1769925630,385.37888268078717
1769925631,385.6913560283352
1769925632,385.5576495606735
1769925633,385.54769931191726
1769925634,385.5277988144048
1769926211,385.51784856564853
1769926212,386.23387585625125
1769926213,385.57515792827587
1769926214,385.2979107082635
1769926215,387.6707287760442
1769926216,386.7561844829618
1769926217,386.1954054602217
1769926218,386.1547220519907
1769926219,386.2839864443148
1769926811,386.25413569804607
1769926812,386.1816897880611
1769926813,386.13976103464154
1769926814,386.10296322389746
1769926815,388.639319333773
1769926816,388.24256779733753
1769926817,387.38590876600347
1769926818,387.0955168202595
1769926819,386.983136990087
1769927411,386.94333599506206
1769927412,386.8605687965717
1769927413,386.8406682990593
1769927414,386.7110730503705
1769927415,386.68422548838265
1769927416,386.70932725229034
1769927417,389.425487974105
1769927418,389.4247414966225
1769927419,388.88915539736894
1769927420,388.1321006175048
1769927421,387.7686386740433
1769927422,387.5350532000527
1769927423,387.43965651609506
1769927424,387.43965651609506
1769927425,387.4297062673388
1769928011,387.3998555210701
1769928012,387.3070016088132
1769928013,387.14494012137857
1769928014,386.6179271011726
1769928015,386.6196747056449
1769928016,389.125858847714
1769928017,388.5252845962424
1769928018,387.4740180921414
1769928019,387.32911892062157
1769928020,387.3191686718653
1769928611,387.2893179255966
1769928612,387.2065507271063
1769928613,386.83744070861417
1769928614,386.6715059737948
1769928615,389.3701447402979
1769928616,389.0031581861405
1769928617,387.9366781693777
1769928618,387.3815815226178
1769928619,387.23668235109795
1769929211,387.196881356073
1769929212,387.11411415758266
1769929213,387.1500626203968
1769929214,386.99500120659854
1769929215,386.8390167205354
1769929216,386.7670083413786
1769929217,389.5206498718397
1769929218,389.16078254182304
1769929219,388.94599441349914
1769929220,387.9472684645933
1769929221,387.63257566123355
1769929222,387.63257566123355
1769929223,387.5020055679769
1769929224,387.5020055679769
1769929811,387.4622045729519
1769929812,387.3398851356556
1769929813,387.20611868099354
1769929814,387.36539225422746
1769929815,389.82701434969977
1769929816,389.61249227875686
1769929817,388.4121348648662
1769929818,388.2795748756963
1769929819,388.14900478243965
1769930412,388.1092037874147
1769930413,388.02643658892435
1769930414,388.2543117466756
1769930415,387.840538869849
1769930416,390.4482643960482
1769930417,390.0627317418588
1769930418,389.28744282840296
1769930419,388.99165060798566
1769930420,388.9255837560979
1769931012,388.88578276107296
1769931013,388.80301556258263
1769931014,388.95837144759463
1769931015,389.1399230392299
1769931016,388.73610041115955
1769931017,388.26405353093617
1769931018,391.31016404520636
1769931019,390.96000308529995
1769931020,390.3793293313408
1769931021,390.08622288842383
1769931022,389.7436170128205
1769931023,389.6684682032967
1769931024,389.65851795454046
1769931025,389.6485677057842
1769931611,389.6187169595155
1769931612,389.6582691983215
1769931613,389.9685154394205
1769931614,389.77250274924813
1769931615,389.34095314341835
1769931616,392.425764051285
1769931617,391.545830128076
1769931618,390.7205584279824
1769931619,390.68496185726457
1769931620,390.6750116085083
1769932211,390.6451608622396
1769932212,390.6281440942278
1769932213,391.6124459700488
1769932214,390.92262251606843
1769932215,394.12496147300186
1769932216,393.489294545397
1769932217,392.9833493513251
1769932218,392.8540987082818
1769932219,392.812982858957
1769932811,393.433215031428
1769932812,393.4393660942955
1769932813,394.10488465533643
1769932814,394.4210413673578
1769932815,394.3562975633214
1769932816,394.09432988972765
1769932817,397.3476199611099
1769932818,396.8555021189481
1769932819,396.6407139906242
1769932820,396.23750633547127
1769932821,395.9023741731536
1769932822,396.04711919802924
1769932823,396.2535157865154
1769932824,396.5735821215071
1769933411,396.87374795898637
1769933412,396.83576872543324
1769933413,397.73531202887165
1769933414,397.0024429335329
1769933415,399.85778017646476
1769933416,399.32671862579576
1769933417,398.45125165022216
1769933418,398.7741061278341
1769933419,399.09417246282584
1769934010,399.3943383003051
1769934011,399.43205974598675
1769934012,399.4221094972305
1769934013,399.71376311724237
1769934014,399.2734039375311
1769934015,399.15306361018236
1769934016,398.90521832608414
1769934017,398.713135263138
1769934018,402.12605432794464
1769934019,401.61767953524145
1769934020,401.44163212953396
1769934021,401.0048685788662
1769934022,400.67745262831596
1769934023,400.56509773611026
1769934024,400.7253122883491
1769934025,400.804416765961
1769934026,401.1244831009527
1769934626,401.424648938432
1769934627,401.4407935348459
1769934628,401.76085986983765
1769934629,401.18105084434717
1769934630,401.49116693058266
1769934631,401.06331115019606
1769934632,400.89134799944264
1769934633,400.70921518525273
1769934634,404.34625521035247
1769934635,403.9310925484845
1769934636,403.7163044201606
1769934637,403.7450948940208
1769934638,403.35012529755863
1769934639,402.9478420429851
1769934640,402.9037939905642
1769934642,403.24211799553933
1769934643,403.24211799553933
1769934644,403.56218433053107
1769935211,403.8623501680103
1769935212,403.83232318330545
1769935213,403.77412047763625
1769935214,402.7262355523563
1769935215,406.4891582414308
1769935216,405.8755530108127
1769935217,404.9273416810452
1769935218,405.2227137788893
1769935219,405.542780113881
1769935812,405.84294595136026
1769935813,405.5855971641607
1769935814,405.0775224937947
1769935815,404.4659638422842
1769935816,406.77495404230945
1769935817,406.2254169422167
1769935818,405.75190503921084
1769935819,406.0407265566238
1769935820,406.34089239410304
1769936411,406.6609587290948
1769936412,406.74529893283795
1769936414,406.6996828573711
1769936415,406.42592344928335
1769936416,406.26365785418193
1769936417,405.8759235111647
1769936418,406.1959898461564
1769936419,405.75558318381593
1769936420,405.7681340657698
1769936421,405.5161166409323
1769936422,405.3261573464954
1769936423,408.2508975745019
1769936424,408.26770542713064
1769936425,407.99721577015237
1769936426,407.5486961730161
1769936427,407.43301245568045
1769936428,407.4618029295406
1769936429,407.14722198809403
1769936430,407.19322644173246
1769936431,407.10077204703924
1769936432,407.0567239946184
1769936433,407.2169385468572
1769936435,407.3950479995935
1769936436,407.3950479995935
1769936437,407.7151143345852
1769937011,408.0152801720645
1769937012,407.71403746783665
1769937013,408.5542712783303
1769937014,407.9074934657084
1769937015,410.7794975100859
1769937016,410.16872051271974
1769937017,410.00731599338974
1769937018,410.03102809851447
1769937019,410.0606300885642
1769937611,410.02082909353925
1769937612,410.0952190485262
1769937613,409.27496637204086
1769937614,410.1992899124416
1769937615,412.8444354941204
1769937616,412.2692709796689
1769937617,411.7113827259548
1769937618,412.3239681727047
1769937619,412.5137847149933
1769938212,412.4739837199683
1769938213,412.5156153884656
1769938214,412.37649493721017
1769938215,411.8848028010132
1769938216,410.62560290906464
1769938217,410.3223045858658
1769938218,413.77453532406673
1769938219,413.2035711792734
1769938220,413.1713779120452
1769938221,413.693554905864
1769938222,413.50875734893316
1769938223,413.6490714036595
1769938224,413.6490714036595
1769938225,413.629170906147
1769938811,413.60927040863453
1769938812,413.3208854933839
1769938813,412.2849395652229
1769938814,412.0607916859383
1769938815,413.0595350988608
1769938816,412.3509459833178
1769938817,412.4270788846406
1769938818,412.5673929393669
1769938819,412.5574426906107
1769939411,412.52759194434196
1769939412,412.72060954034464
1769939413,411.89931630816466
1769939414,410.8856521460431
1769939415,411.4339541144619
1769939416,410.9595260157212
1769939417,410.95961099455377
1769939418,410.9764188471825
1769939419,411.61483058219886
1769939420,411.9654427984111
1769939421,412.2521079574643
1769939422,412.64282712585
1769939424,413.228663568636
1769939425,413.41672327012856
1769940012,414.0799073497305
1769940013,413.932958113229
1769940014,413.6138667568242
1769940015,413.2519583812441
1769940016,413.3950110604319
1769940017,412.73191420703654
1769940018,413.2180315631035
1769940019,413.85559926593635
1769940020,414.7048037985351
1769940021,415.1344359187221
1769940022,415.97349468990683
1769940024,416.5593311326929
1769940025,416.54938088393664
1769940611,417.01455501328985
1769940612,416.5584646691398
1769940613,416.2047385229088
1769940614,415.85654371053494
1769940615,415.9396923331812
1769940616,417.0270649730481
1769940617,418.32107999721615
1769940618,418.9564189275644
1769940619,418.9464686788082
1769941211,419.4116428081614
1769941212,419.27464382041614
1769941213,417.86923925310373
1769941214,418.3985885384232
1769941215,418.1974423885718
1769941216,417.91023612494376
1769941217,418.79728143654364
1769941218,419.5474576388654
1769941219,419.3154036232293
1769941811,419.7706275038263
1769941812,419.9735953485852
1769941813,419.19962067069264
1769941814,417.9418363925556
1769941815,418.61027285070656
1769941816,418.23035426183276
1769941817,418.22021542926467
1769941818,418.0616142683635
1769941819,418.24502911726375
1769941820,418.7051527415665
1769941821,419.5491151797977
1769941822,419.69386020467334
1769941823,419.3910883496627
1769941824,419.38113810090647
1769942411,419.8463122302597
1769942412,419.9777976602526
1769942414,419.615022790015
1769942415,419.53435470188424
1769942416,419.29593143361024
1769942418,418.02178269677495
1769942419,418.7543697614516
1769942420,418.8735564367706
1769942421,418.8416050824312
1769942422,418.7795469520306
1769942423,418.48963288599714
1769942424,418.48963288599714
1769942425,418.1614523600554
1769942426,418.46951809200175
1769942428,418.7238881336852
1769942429,418.7900955581016
1769942431,418.97936050099275
1769942432,419.09579958218256
1769942433,419.80085354732955
1769942434,419.80085354732955
1769942436,419.7909032985733
1769942437,420.28178908192075
1769942438,421.0786796291844
1769942439,421.2887404362601
1769942440,421.2887404362601
1769942442,421.4334854611358
1769942445,421.593594009304
1769942447,421.593594009304
1769942448,421.5836437605478
1769942449,421.5637432630353
1769943011,422.048817889901
1769943012,422.17035307113764
1769943013,420.66225679345183
1769943014,420.91573733461155
1769943015,420.42191909140985
1769943016,420.78739627453524
1769943017,421.40964335523836
1769943018,422.2786435037495
1769943019,422.3973002201674
1769943611,422.85252410076436
1769943612,422.98400953075725
1769943613,422.93872314218726
1769943614,422.1647484642947
1769943615,420.70620021724994
1769943616,420.81543664381275
1769943617,420.6693192774283
1769943618,420.22189729642423
1769943619,419.9676448558723
1769943620,420.1952567961708
1769943622,420.63824671214786
1769943623,420.80164302353467
1769943624,421.33148256456826
1769943625,422.0861504018524
1769943626,422.38285117980547
1769943627,422.55853525940745
1769943629,422.71435787791665
1769943630,422.7044076291604
1769944211,423.16958175851363
1769944212,422.85602135540097
1769944213,422.68189054046036
1769944214,421.7501294573354
1769944215,422.3737200226631
1769944216,423.54003487703983
1769944217,424.29369093518363
1769944218,424.51691094175254
1769944219,424.4870601954838
1769944812,424.9721348223495
1769944813,424.9069479362671
1769944814,424.3072985488265
1769944815,424.287398051314
1769944816,424.26046736024864
1769944817,423.4275590179476
1769944818,423.5082048957017
1769944819,423.9651391743723
1769944820,425.3426100405215
1769944821,425.25985899014887
1769944822,425.83262389192726
1769944824,426.00869867224645
1769944825,425.9987484234902
1769945411,426.4639225528434
1769945412,426.7486527480214
1769945413,426.2031510896466
1769945414,425.3712578888055
1769945415,425.4804943153683
1769945416,425.07691426241666
1769945417,424.4038415382632
1769945418,424.39389128950694
1769945419,425.28360883494236
1769945420,425.30594281720494
1769945421,426.6610797010915
1769945422,426.6538721491078
1769945423,427.3366425788022
1769945425,427.5598625853711
1769945426,427.54991233661485
1769946011,428.01508646596807
1769946012,427.6670282223874
1769946013,426.5788299905029
1769946014,426.84649786232393
1769946015,426.2529585149354
1769946016,426.14806496321347
1769946017,426.8002203195942
1769946018,428.0874666328322
1769946019,428.73913190455573
1769946020,428.8687981027854
1769946021,428.85884785402914
1769946612,429.32402198338235
1769946613,429.65589740481
1769946615,429.3389819819244
1769946616,429.32903173316816
1769946617,428.9382931185489
1769946618,428.4112939679604
1769946619,428.7771271397637
1769946620,428.76717689100747
1769946622,428.8863635663265
1769946623,428.8544122119871
1769946624,428.5348913950193
1769946625,428.29992983916225
1769946626,428.29992983916225
1769946627,428.10997054472534
1769946628,428.1223187137899
1769946629,428.3598809028446
1769946631,428.37668875547337
1769946632,428.5367973036416
1769946634,429.56969618949404
1769946635,429.64700121816395
1769946636,430.95711730439945
1769946637,431.44219193126514
1769946638,431.5422472104249
1769946639,431.52312983434234
1769946640,431.6635668895725
1769946641,432.0496365413138
1769946642,432.34633731926687
1769946643,432.34633731926687
1769946645,432.3982651799634
1769946649,432.6012330247223
1769946650,432.6012330247223
1769946651,432.5912827759661
1769946652,432.5912827759661
1769946653,432.58133252720984
1769947212,433.0564569053193
1769947213,433.3293780140613
1769947214,433.1924983100174
1769947216,432.8755828871318
1769947218,432.79491479900105
1769947219,431.945212169877
1769947220,431.93526192112074
1769947221,432.0078158183015
1769947222,431.97586446396207
1769947223,431.91380633356147
1769947224,431.19637078403633
1769947225,431.13431265363573
1769947226,431.1111028099968
1769947227,431.0912023124843
1769947228,431.4003686022476
1769947229,431.94819286123436
1769947230,432.07930494160235
1769947231,433.87449565470354
1769947232,433.9635503810717
1769947233,433.992743259654
1769947234,434.4555026335164
1769947235,434.4555026335164
1769947236,434.50743049421294
1769947237,434.46939721737374
1769947238,434.46939721737374
1769947239,434.4594469686175
1769947811,434.9246210979707
1769947812,434.74374707978325
1769947813,433.95436606279026
1769947814,433.4406076964003
1769947815,433.3241596065194
1769947816,435.5653883178209
1769947817,436.47442702342664
1769947818,436.488321607284
1769947819,436.47837135852774
1769948411,436.94354548788095
1769948412,436.78805736075105
1769948413,436.7073892726203
1769948414,436.0067406587745
1769948415,436.08278997095897
1769948416,436.0597321194287
1769948417,437.02976574022415
1769948418,438.8123901305998
1769948419,439.22031241146993
1769948420,439.2103621627137
1769949011,439.6755362920669
1769949012,440.01233034378635
1769949013,439.497404970652
1769949014,438.73846280963323
1769949015,438.8145121218177
1769949016,438.4999311803711
1769949017,438.6063890286357
1769949018,439.42526498602336
1769949019,440.75887904923076
1769949020,441.41211288007656
1769949021,441.9875948781202
1769949022,442.03952273881674
1769949024,442.04863468822725
1769949025,442.038684439471
1769949612,442.5038585688242
1769949613,442.33567749616554
1769949614,441.89567867842777
1769949615,442.0086724548936
1769949616,442.12449723138707
1769949617,444.28894100637814
1769949618,445.7081108214631
1769949619,445.62205063372386
1769949620,445.62205063372386
1769950224,446.07727451432083
1769950225,446.28584703632623
1769950226,445.1371307005757
1769950227,445.44008377147844
1769950228,445.3858497510475
1769950229,447.2604971782206
1769950230,449.3630019139236
1769950231,450.04468360288143
1769950232,450.05379555229194
1769950812,450.5090194328889
1769950813,450.6949487606093
1769950814,449.837686181222
1769950815,449.52998052346425
1769950816,449.8978866070812
1769950817,449.6458691822437
1769950818,449.7976981483156
1769950819,456.1973678036042
1769950820,457.57402750817005
1769950821,458.1320714052261
1769950822,458.3463579271619
1769950823,458.3982857878584
1769950824,458.3602525110192
1769950825,458.35030226226297
1769951412,458.8154763916162
1769951413,458.49643059495844
1769951414,458.4282421255408
1769951415,457.6014694919595
1769951416,457.9463241659579
1769951417,457.8724712085228
1769951418,458.0081964825288
1769951419,457.9622420441941
1769951420,464.3149051356632
1769951421,465.02077026239357
1769951422,465.27598556518996
1769951423,465.8475095243416
1769951424,465.7276542552326
1769951426,465.7367662046431
1769951427,465.7268159558869
1769952013,466.1919900852401
1769952014,466.00442971857524
1769952015,466.07059008847534
1769952016,466.0957421061646
1769952017,466.2517203662523
1769952018,475.41411937784807
1769952019,475.48513946757436
1769952020,475.49425141698487
1769952021,475.4743509194724
1769952612,475.94947529758184
1769952613,475.6304295009241
1769952614,475.3000279373136
1769952615,474.8585834742357
1769952616,475.6097719761704
1769952617,475.53776359701357
1769952618,475.68959256308545
1769952619,483.61649625280546
1769952620,484.80743600640153
1769952621,484.589004355134
1769952622,485.16648847603153
1769952623,485.2227456516917
1769952624,485.2227456516917
1769952625,485.2028451541792
1769953211,485.67796953228867
1769953212,485.9980358672804
1769953213,485.247044942782
1769953214,485.6161196235785
1769953215,485.71095559410185
1769953216,493.48454883336666
1769953217,494.4525530023964
1769953218,495.18752117704423
1769953219,495.0551974477056
1769953812,495.5104213283026
1769953813,495.4098983024064
1769953814,495.6625339337734
1769953815,495.6156775723058
1769953816,495.72728528465973
1769953817,504.70406639885164
1769953818,506.0758628412322
1769953819,505.9435391118936
1769953820,505.9236386143811
1769954411,506.39876299249056
1769954413,506.27457623397544
1769954414,506.2646259852192
1769954415,505.7596508608411
1769954417,505.97817363160266
1769954419,505.13349378619847
1769954420,505.12354353744223
1769954422,505.9622073611807
1769954423,505.95225711242443
1769954424,505.9973096276262
1769954425,505.9973096276262
1769954426,505.98735937886994
1769954427,505.92530124846934
1769954428,506.0921455981495
1769954429,506.0921455981495
1769954431,506.0468592095795
1769954432,506.03690896082327
1769954434,513.95941435218
1769954436,513.970986924103
1769954437,514.6210698428426
1769954438,515.1061444697083
1769954440,514.8677212014343
1769954441,514.9421111564212
1769954442,515.9222106589087
1769954443,516.1203211167207
1769954444,516.1203211167207
1769954445,516.1203211167207
1769954446,516.1203211167207
1769954451,515.7577110899315
1769954452,515.7577110899315
1769954454,515.7477608411752
1769954455,515.7477608411752
1769954456,515.737810592419
1769955011,516.2129349705284
1769955012,516.0787979632571
1769955013,514.3869344516833
1769955014,515.0637917112789
1769955015,515.0758063261264
1769955016,522.8329691287144
1769955017,524.7565425494892
1769955018,524.7595581067653
1769955019,524.7496078580091
1769955626,525.2147819873622
1769955627,524.562976910184
1769955628,523.5314701117765
1769955629,524.0532693282544
1769955630,524.0849140287286
1769955631,531.9619568050156
1769955632,533.2229318042332
1769955633,534.5635266298663
1769955634,534.2286103024126
1769956211,534.6838341830095
1769956212,534.5469544789656
1769956213,534.0320291058313
1769956214,532.819718323366
1769956215,532.819718323366
1769956216,533.7898675770973
1769956217,533.8689720547093
1769956218,533.2765645271298
1769956219,532.8902804868052
1769956220,533.0006496934037
1769956221,533.1893813597474
1769956222,539.6147544940757
1769956223,540.7722460219435
1769956224,540.6345825973502
1769956225,541.1109762700127
1769956226,541.9911210009036
1769956227,542.026865356051
1769956229,541.5944441288536
1769956230,541.5844938800974
1769956812,542.0496680094506
1769956813,541.4323877441105
1769956814,540.7005564169939
1769956815,541.4768466828364
1769956816,541.1665034273095
1769956817,547.6496872018091
1769956818,549.8395032168537
1769956819,549.565020409759
1769956820,549.5550701610027
1769957412,550.0202442903559
1769957413,550.0202442903559
1769957414,549.9178893981502
1769957415,549.4029640250159
1769957416,549.3930137762596
1769957417,549.0530469437555
1769957418,548.7420325711739
1769957419,548.7420325711739
1769957420,548.7320823224177
1769957421,548.7320823224177
1769957422,549.7121818249052
1769957423,549.8132874081003
1769957424,549.3533145451424
1769957425,549.4533698243022
1769957426,549.4533698243022
1769957427,549.0891851087821
1769957428,549.0891851087821
1769957429,549.0953385520918
1769957430,556.047338797253
1769957431,557.1940689147813
1769957432,557.1741684172688
1769957433,558.4919933369592
1769957435,558.0375031556683
1769957436,558.0275529069121
1769958022,558.4927270362653
1769958023,558.4927270362653
1769958024,557.8754467709252
1769958025,557.666965368414
1769958026,557.5683611671978
1769958027,557.2871975408849
1769958028,558.2573467946162
1769958029,558.3584523778113
1769958030,557.9335315275173
1769958031,557.5693468119972
1769958032,557.6276081369514
1769958033,558.1542352477843
1769958034,564.5796083821126
1769958035,565.2412638727752
1769958036,565.7163882508846
1769958037,565.6647553895502
1769958038,567.095228026366
1769958039,567.005003473455
1769958041,566.613834319226
1769958042,566.6038840704698
1769958612,567.069058199823
1769958613,566.9667033076173
1769958614,565.3296380315046
1769958615,566.1484013577306
1769958616,565.6804124309435
1769958617,566.1141314714968
1769958618,573.7084000162916
1769958619,574.0684268054229
1769958620,575.1680264263657
1769958621,575.1580761776095
1769959213,575.6232503069626
1769959214,574.9941589217832
1769959215,573.7690999232387
1769959216,573.7805012499385
1769959217,574.3464172838043
1769959218,573.9799993733565
1769959219,573.6058644090801
1769959220,580.5462293247355
1769959221,581.6721320690782
1769959222,582.9481914879283
1769959223,582.0512902796838
1769959224,582.0413400309276
1769959812,582.5065141602807
1769959813,582.7548377596751
1769959814,582.2702587748997
1769959815,581.3481775221281
1769959816,585.4864859798396
1769959817,585.2946773462398
1769959818,584.9304926307198
1769959819,585.0148078964961
1769959820,592.4973678519898
1769959821,593.6341477207618
1769959822,593.2123795014189
1769959823,594.6178640404462
1769959825,593.756321751889
1769959826,593.7364212543765
1769960424,594.2115456324859
1769960425,594.3887488611936
1769960426,593.2895843790837
1769960427,592.7665448149994
1769960428,592.0160774075995
1769960429,599.7124446034037
1769960430,600.7961043190099
1769960431,601.4728113131906
1769960432,601.1062939002553
1769961012,602.3040550942851
1769961013,601.9793599202695
1769961014,600.6604554884881
1769961015,600.8469489471208
1769961016,599.8894327887667
1769961017,605.9690833711783
1769961018,605.5722707310821
1769961019,605.5172187184181
1769961020,606.0336023176632
1769961611,606.0336023176632
1769961612,606.3249715584159
1769961614,606.2108055463708
1769961615,605.6958801732364
1769961616,605.6859299244802
1769961617,605.0459480158415
1769961618,605.9327246589419
1769961620,605.5758264576407
1769961623,605.5292076995792
1769961624,605.5742602147809
1769961625,605.5742602147809
1769961626,605.1493393644869
1769961627,604.6183102992866
1769961629,604.5531212232078
1769961630,604.6734406785625
1769961632,604.6634904298063
1769961633,604.8058555273952
1769961635,610.7475370009797
1769961636,610.5831753231304
1769961638,610.1827244524836
1769961639,610.657848830593
1769961640,610.657848830593
1769961641,610.3985527185606
1769961642,610.0868730218062
1769961644,609.9488415880659
1769961645,609.9488415880659
1769961646,609.9488415880659
1769961648,609.8596873592102
1769961652,610.3760709584552
1769961655,610.3760709584552
1769962212,610.3760709584552
1769962213,609.9853529239139
1769962214,608.7608078088018
1769962215,608.3741272590302
1769962216,607.8963719254225
1769962217,613.4878191057027
1769962218,613.6451949883427
1769962219,613.0741170447275
1769962220,614.054216547215
1769962813,614.054216547215
1769962814,613.2727598980545
1769962815,612.9888784678847
1769962816,612.602197918113
1769962817,612.3184944209644
1769962818,619.3545305683795
1769962819,619.1624468327656
1769962820,619.0095940028978
1769963412,619.0095940028978
1769963413,619.2298428729639
1769963414,618.4208493788957
1769963415,618.0530211225167
1769963416,618.5999738588351
1769963417,618.6281024466653
1769963418,618.8264512953558
1769963419,618.2945968638992
1769963420,618.4049660704977
1769963421,618.465733661116
1769963422,625.6220579826606
1769963423,625.2200629460513
1769963424,625.5960434041212
1769963425,625.8122801179239
1769963426,625.8122801179239
1769963427,625.7582281555137
1769963428,625.5968919792522
1769964011,625.5968919792522
1769964012,625.6449582838845
1769964013,624.9852480452564
1769964014,624.7567026163065
1769964015,624.3451257829455
1769964016,630.8847400651526
1769964017,631.0772380023164
1769964018,631.167500272123
1769964019,631.0061640958614
1769964612,631.0061640958614
1769964613,630.2254767161269
1769964614,630.619540955886
1769964615,629.8083893271656
1769964616,636.2253802485559
1769964617,636.3148547510434
1769964618,636.9390445691995
1769964619,636.6200295433188
1769965212,636.4686436158134
1769965213,636.6028012031627
1769965214,636.1640335032009
1769965215,636.7074370661941
1769965216,636.7355656540242
1769965217,636.5986035352704
1769965218,636.1085843585147
1769965219,644.5829037553194
1769965220,644.6811269898748
1769965221,644.2391669146454
1769965222,644.9633038059465
1769965223,644.4051038283907
1769965224,644.2537179008854
1769965812,644.2537179008854
1769965813,643.9380849671558
1769965814,642.957931205698
1769965815,642.94939683258
1769965816,642.6166495354825
1769965817,654.1344270879374
1769965818,654.7044381426009
1769965819,654.1585468916822
1769966412,654.0071609641769
1769966413,654.0363621243679
1769966414,653.5313869999898
1769966415,652.466863836586
1769966416,652.4949924244161
1769966417,652.458329463468
1769966418,651.934444364078
1769966419,652.1448688498363
1769966420,662.5254444663772
1769966421,662.6969888824547
1769966422,662.5461910508842
1769966423,663.3513320127416
1769966424,662.8517588788402
1769966425,662.7003729513349
1769967012,662.7003729513349
1769967013,662.7295741115258
1769967014,662.7096736140134
1769967015,661.665050948122
1769967016,661.6931795359521
1769967017,661.6144556378597
1769967018,661.0861512140328
1769967019,661.2572880112497
1769967020,670.9338050815793
1769967021,671.6520109273504
1769967022,672.1897291494702
1769967023,672.1128836472516
1769967024,671.6438378985515
1769967025,671.4924519710462
1769967611,671.4924519710462
1769967612,671.5216531312371
1769967613,671.5117028824809
1769967614,670.3788052585871
1769967615,670.4069338464172
1769967616,670.3770831001485
1769967617,669.8487786763217
1769967618,670.1299210014545
1769967619,670.4625522377961
1769967620,670.1594436033369
1769967621,669.9104727712229
1769967622,670.7156137330803
1769967623,670.1468040118452
1769967624,669.9954180843399
1769968212,669.9954180843399
1769968213,669.5584874652805
1769968214,668.8637304809712
1769968215,668.0264182144705
1769968216,668.4746694395479
1769968217,667.8146218158245
1769968218,668.0112352889897
1769968219,667.3894139445839
1769968811,667.3894139445839
1769968812,667.417542532414
1769968813,667.3639136181617
1769968814,667.0260473937283
1769968815,666.5909067351047
1769968816,666.6190353229348
1769968817,666.6640878381365
1769968818,665.864198396456
1769968819,665.8542481476998
1769968821,666.3560155755472
1769968822,665.9225132952818
1769968823,666.2535378263063
1769968824,666.7796647673587
1769968825,666.7697145186024
1769968826,666.3006687699024
1769968827,666.149282842397
1769969411,666.149282842397
1769969412,666.1803407879632
1769969413,664.9872297760712
1769969414,665.0604108791031
1769969415,664.2837923958889
1769969416,664.5210330174184
1769969417,665.3168019406593
1769969418,665.7720258212563
1769969419,665.1515941450509
1769970012,665.1515941450509
1769970013,665.2654001152001
1769970014,664.42552373594
1769970015,664.2366585887416
1769970016,663.3388796558769
1769970017,663.4552222848373
1769970018,664.5687604965564
1769970019,664.9816186118569
1769970020,664.460936309085
1769970612,664.3095503815797
1769970613,664.4421031972116
1769970614,664.007845912208
1769970616,663.3097105730708
1769970617,663.3378391609009
1769970618,663.0714765296128
1769970619,662.5665014052347
1769970620,662.0920780673786
1769970621,662.2766007978557
1769970622,662.5361922212696
1769970623,662.2227334733426
1769970624,663.75286061541
1769970625,663.6107721596173
1769970626,663.863135343697
1769970627,663.898187356361
1769970629,663.3874553023453
1769970630,663.23606937484
1769971211,663.23606937484
1769971212,663.2095070518792
1769971213,662.0560618595401
1769971214,661.9024548943661
1769971215,660.9941677681974
1769971216,661.2546802619354
1769971217,662.870257737118
1769971218,663.0932881315189
1769971219,662.628851689228
1769971812,662.5472825545359
1769971813,662.364731026462
1769971814,661.1005999622065
1769971815,661.2001986847431
1769971816,660.3061527083818
1769971817,669.3486465703276
1769971818,670.8356902317266
1769971819,671.500506024501
1769971820,670.7184322663078
1769972411,670.788249059121
1769972412,670.5848921377238
1769972413,669.8719568143407
1769972414,669.3817816742085
1769972415,669.5562836582155
1769972416,668.9084606815953
1769972417,668.8165799039735
1769972418,668.9000657616635
1769972419,682.0439801232978
1769972420,683.477309699795
1769972421,684.6318544364293
1769972422,684.6219041876731
1769972423,684.152858438973
1769972424,684.0329026623008
1769972425,683.8815167347955
1769972426,683.8815167347955
1769972428,683.9513335276087
1769972430,683.9513335276087
1769973011,683.9413832788524
1769973012,683.7112023494167
1769973013,682.6672127073805
1769973014,682.6568059020011
1769973015,681.8041313074859
1769973016,690.6337909603341
1769973017,692.2165626997497
1769973018,692.7173681960776
1769973019,692.5158432847132
1769973612,692.505893035957
1769973613,692.2569652610385
1769973614,691.2610854534618
1769973615,691.2411849559494
1769973616,690.7594176121295
1769973617,690.9662701332734
1769973618,700.1860069326387
1769973619,701.3281004941354
1769973620,700.5360764871859
1769974212,700.5959430312429
1769974213,700.4213970814427
1769974214,699.9164219570646
1769974215,699.3234831610164
1769974216,699.3234831610164
1769974217,699.3516117488465
1769974218,699.423081883553
1769974219,698.762023705807
1769974220,698.8591058625907
1769974221,698.6129082790796
1769974222,698.9776377291743
1769974223,704.2826313713849
1769974224,705.8127585134523
1769974225,705.773138618422
1769974226,706.3656048586494
1769974227,706.3556546098931
1769974228,705.8449225558775
1769974229,705.5735808517
1769974230,705.6433976445131
1769974231,705.6433976445131
1769974811,705.6334473957569
1769974812,705.4222329366514
1769974813,704.610292638144
1769974814,704.1434371010149
1769974815,703.398275524994
1769974816,703.6762384791647
1769974817,706.3277260856855
1769974818,706.9760526331955
1769974819,706.4751862833389
1769975411,706.3836668998905
1769975412,706.117037085997
1769975413,705.3153667864358
1769975414,705.1265016392374
1769975415,704.8305035594608
1769975416,704.6004085889691
1769975417,706.0679086064174
1769975418,707.8180412154674
1769975419,707.4516901974483
1769975420,707.250165286084
1769976012,707.2402150373277
1769976013,706.9556635596116
1769976014,706.3169819675718
1769976016,705.9182526795391
1769976017,705.9463812673692
1769976018,706.1553583119708
1769976019,705.6503831875926
1769976020,705.2258152378676
1769976021,705.6552450120734
1769976022,705.7248523326135
1769976023,706.8561630458232
1769976024,708.1233272249277
1769976025,708.0531082647834
1769976026,708.8016331946137
1769976027,708.8062425010229
1769976028,708.5595237140056
1769976029,708.2881820098281
1769976030,708.3579988026413
1769976031,708.3579988026413
1769976612,708.3480485538851
1769976613,707.9252070448441
1769976614,706.8877961647717
1769976615,707.0622981487787
1769976616,706.1860285956435
1769976617,706.6329856649846
1769976618,708.9795039891148
1769976619,709.4398166190999
1769976620,709.2894888926528
1769977212,709.2795386438966
1769977213,708.6027571103876
1769977214,707.9801644286352
1769977215,707.6291635849007
1769977216,707.3376306053079
1769977217,709.5619002213169
1769977218,710.2368516268274
1769977219,709.8747863695471
1769977812,709.7489150707332
1769977813,709.5505894718369
1769977814,709.0975422081553
1769977815,708.5352149555296
1769977816,708.5633435433597
1769977817,708.7097169395366
1769977818,708.5353821569929
1769977819,708.0803202571896
1769977820,708.6745544434013
1769977821,709.7702339406519
1769977822,710.7545267622583
1769977823,710.7692222809127
1769977824,711.5596984713889
1769977825,711.3784617976149
1769977826,711.1425849708851
1769978426,711.1326347221288
1769978427,710.7674647735523
1769978428,709.8564381086313
1769978429,709.8845666964614
1769978430,709.8531256372432
1769978431,710.2512232972844
1769978432,712.1998936538382
1769978433,713.3407760497873
1769978434,712.9752350126045
1769979011,713.0201041249865
1769979012,712.6212057596701
1769979013,712.6258150660793
1769979015,712.6158648173231
1769979016,712.1009394441887
1769979017,711.9572827277708
1769979019,711.6375135665837
1769979022,711.6656421544138
1769979023,711.9683391955241
1769979024,711.9583889467679
1769979025,711.9583889467679
1769979026,711.8384331700956
1769979027,711.704726702434
1769979028,711.3977615283046
1769979030,711.3370394974334
1769979031,711.7664692716392
1769979033,711.9409400549773
1769979034,712.110041356978
1769979035,713.3086636302271
1769979036,714.5459691660401
1769979037,714.5459691660401
1769979039,714.6662437797299
1769979040,715.4315492138186
1769979042,715.4315492138186
1769979043,715.4215989650623
1769979044,715.128777358808
1769979046,715.1748801780451
1769979048,714.9035384738676
1769979050,714.943775078861
1769979051,714.943775078861
1769979612,714.9338248301048
1769979613,714.5702853844757
1769979614,714.6086231076247
1769979615,713.9599912668286
1769979616,713.7568320628485
1769979617,713.7849606506786
1769979618,713.9834419285
1769979619,713.8973340065712
1769979620,713.6436717622373
1769979621,713.2301661197182
1769979622,713.7350617021378
1769979623,714.7086242145698
1769979624,716.2387513566372
1769979625,716.2978884443081
1769979626,716.9821898078404
1769979627,716.8250135044833
1769979628,716.7511605470482
1769979629,716.6352394969906
1769979630,716.6352394969906
1769980211,716.6252892482344
1769980212,716.2892384099886
1769980213,715.313691146307
1769980214,715.8008404201805
1769980215,715.5372279270904
1769980216,715.3525901377994
1769980217,717.9677211254743
1769980218,718.997703151063
1769980219,718.7666738902708
1769980812,718.8321949090301
1769980813,718.4961440707843
1769980814,717.8062601570198
1769980815,717.632090620089
1769980816,717.6602192079191
1769980817,718.1092896452063
1769980818,717.8556274008724
1769980819,717.1824256440887
1769980820,717.5945401019079
1769980821,719.761581573427
1769980822,719.9719030408971
1769980823,720.2255458032063
1769980824,720.1123622386276
1769980825,719.9824562131992
1769980826,720.067877729471
1769981412,720.0579274807147
1769981413,719.6383014728232
1769981414,719.129567966442
1769981415,718.7660968604335
1769981416,718.7942254482637
1769981417,719.3996195304841
1769981418,719.1459572861502
1769981419,718.3712119651362
1769981420,718.4339353583299
1769981421,721.1565378137999
1769981422,721.533501318608
1769981423,721.2324387869244
1769981424,721.4164751269633
1769981425,721.3719906178067
1769982011,721.3620403690504
1769982012,721.051919405242
1769982013,720.1257384054788
1769982014,720.979953280141
1769982015,720.8134418203459
1769982016,719.9338122664147
1769982017,721.6896265298673
1769982018,721.8048851701018
1769982019,721.8129126654751
1769982020,721.8883839329907
1769982611,721.8784336842344
1769982612,721.5529091330772
1769982613,720.585662035233
1769982614,721.3333507173286
1769982615,720.9360317565768
1769982616,720.3633673767749
1769982617,722.589901150126
1769982618,722.3862574314805
1769982619,722.1362380964532
1769983213,722.126287847697
1769983214,721.6742100016331
1769983215,721.0303841084745
1769983216,721.0303841084745
1769983217,721.7440727502858
1769983218,721.6636692124196
1769983219,721.2086073126162
1769983220,720.7840396584884
1769983221,722.4825292406249
1769983222,722.8400910855438
1769983223,722.4742150502209
1769983224,722.5546687599332
1769983225,722.5101842507765
1769983812,722.5002340020203
1769983813,721.9213432707802
1769983814,721.8486999264161
1769983815,722.4821520987527
1769983816,721.4444542334776
1769983817,721.9401934698058
1769983818,723.4755687468286
1769983819,723.6179005659935
1769983820,723.5734160568369
1769984412,723.5634658080807
1769984413,723.2991560182871
1769984414,722.6553301251286
1769984415,723.450104971218
1769984416,722.9193863474243
1769984417,722.8817047757047
1769984418,724.4170800527276
1769984419,724.5594118718925
1769984420,724.5248776114921
1769985011,724.5149273627359
1769985013,724.2165166648024
1769985014,723.8153972618173
1769985015,723.619858777767
1769985016,723.619858777767
1769985017,723.8349198361117
1769985018,724.2639487804588
1769985019,724.1882920564684
1769985020,723.7332301566651
1769985021,723.3932633241609
1769985022,723.537135522055
1769985023,723.7223850983493
1769985024,725.2525122404166
1769985025,725.5632224159118
1769985026,725.111482337306
1769985027,725.2737146539835
1769985028,725.253814156471
1769985029,725.1338583797988
1769985030,725.2192798960706
1769985611,725.2093296473143
1769985612,725.0422158697967
1769985613,724.50738999915
1769985614,724.4455579827613
1769985615,724.9144870055003
1769985616,724.3790403830654
1769985617,726.3949376974701
1769985618,726.0635505872374
1769985619,726.1002751768497
1769986211,726.1281402375113
1769986212,725.8979700943124
1769986213,725.1779865279813
1769986214,725.9769321344681
1769986215,725.6442234609232
1769986216,725.9423609623362
1769986217,727.1796418276432
1769986218,727.3462724426839
1769986219,727.2641319754296
1769986812,727.2541817266733
1769986813,727.0681014788254
1769986814,726.6316231561531
1769986815,726.4166719318823
1769986816,727.2141960955757
1769986817,726.7035017042843
1769986818,726.5897537825359
1769986819,726.0890284552355
1769986820,726.386217722574
1769986821,728.1779291003256
1769986822,727.1424760971423
1769986823,727.3566362745163
1769986824,727.2366804978441
1769986825,727.2744958072619
1769987423,727.2645455585057
1769987424,727.005667534831
1769987425,726.3294323457687
1769987426,727.0740252781726
1769987427,726.607629939563
1769987428,725.9576191400557
1769987429,727.8749974920726
1769987430,726.8395444888893
1769987431,726.933748889591
1769988011,726.9616139502526
1769988012,726.7126861753342
1769988013,726.2148381996114
1769988014,726.4487431155152
1769988015,726.4909950168961
1769988016,725.8881294436386
1769988017,727.5969783614426
1769988018,726.8714335132538
1769988019,727.0275160234082
1769988611,727.0553810840698
1769988612,726.8243917857823
1769988613,726.576018268752
1769988614,726.3857685370185
1769988615,726.339149778957
1769988616,727.1303614694224
1769988617,726.619667078131
1769988618,726.5059191563826
1769988619,726.2961861106966
1769988620,726.1239702668389
1769988621,727.7056856216884
1769988622,727.9260972001598
1769988623,726.8906441969765
1769988624,727.0528765136539
1769988625,727.0467267071309
1769988626,727.0845420165488
1769989212,727.0745917677925
1769989213,726.8336522207487
1769989214,726.461522484813
1769989215,726.4049792207412
1769989216,726.3583604626797
1769989217,726.7588335385259
1769989218,726.6831768145355
1769989219,726.5251298401053
1769989220,726.1207810372622
1769989221,726.1812928594222
1769989222,727.8214255294057
1769989223,728.1727936886098
1769989224,727.2363456605508
1769989225,727.5123839473774
1769989226,727.3924281707052
1769989227,727.4302434801231
1769989812,727.4202932313668
1769989813,726.923631374389
1769989814,726.9296660159957
1769989815,727.4889440644725
1769989816,727.2552403660519
1769989817,726.9382528848853
1769989818,728.9927565349112
1769989819,728.2789417367355
1769989820,728.2109138207599
1769990412,728.2387788814215
1769990414,728.1573881144585
1769990415,728.1474378657023
1769990416,727.7753081297666
1769990417,727.86840244082
1769990418,727.977258162213
1769990419,727.9306394041515
1769990420,728.2132038546264
1769990421,729.0369797121807
1769990422,728.6462410975615
1769990423,728.4312176727049
1769990424,728.2731706982746
1769990425,727.6947805974964
1769990426,727.8286837313996
1769990427,727.920685262207
1769990428,728.3084523093244
1769990429,728.2592921694297
1769990430,727.6525396074533
1769990431,727.6525396074533
1769990432,727.9152117539671
1769990433,728.0290177241163
1769990434,727.9090619474441
1769990435,727.946877256862
1769991011,727.9369270081057
1769991012,727.8908347182323
1769991013,728.003841904523
1769991014,728.4528137840396
1769991015,727.7113418231993
1769991016,727.8721831017563
1769991017,727.2935591276098
1769991018,727.5742946408648
1769991611,727.5934750545856
1769991612,727.4181207359336
1769991613,727.3320179166965
1769991614,727.8543268148236
1769991615,727.1286169677808
1769991616,727.5264770169033
1769991617,726.7200464116477
1769991618,726.9389038154499
1769992212,726.9580842291707
1769992213,726.7727796617625
1769992214,727.460615482658
1769992215,727.2673226873751
1769992216,727.8917355879074
1769992217,727.6726358911958
1769992218,727.2052370055134
1769992219,727.0258284925228
1769992220,727.082069028971
1769992221,726.2629878027069
1769992222,726.5587553418229
1769992223,726.3287940372347
1769992224,726.3579246997118
1769992812,726.3479744509556
1769992813,726.1913501649781
1769992814,726.6645125222059
1769992815,727.624878704761
1769992816,727.0110703583583
1769992817,726.7148489934802
1769992818,726.2466444476476
1769992819,725.6610898815609
1769992820,725.690220544038
1769993412,725.6802702952817
1769993413,725.420845587833
1769993414,727.3311597577243
1769993415,727.6162927163003
1769993416,727.1625403460353
1769993417,726.7630515924258
1769993418,726.1800293199161
1769993419,726.446722171448
1769994011,726.446722171448
1769994012,726.4817741841119
1769994013,726.4897624119866
1769994014,727.2419017154691
1769994015,727.0486089201862
1769994016,727.5916715789205
1769994017,727.3725718822088
1769994018,726.9260645813149
1769994019,726.812703497629
1769994020,726.3739191584552
1769994021,725.3975383544232
1769994022,725.72245787447
1769994023,725.6506295162611
1769994024,725.6797601787382
1769994612,725.6797601787382
1769994613,725.7228004192768
1769994614,724.7027506680331
1769994615,724.8225592268963
1769994616,724.0454180628534
1769994617,723.4393381789315
1769994618,722.5406478697934
1769994619,722.822858141962
1769995212,722.8519888044391
1769995213,722.904979293734
1769995214,723.2263474529378
1769995215,723.8906982578358
1769995216,723.1493289023682
1769995217,722.4265855210882
1769995218,721.6282374620523
1769995219,720.6305421777898
1769995220,720.8508743405057
1769995812,720.8800050029828
1769995813,720.9150570156468
1769995814,721.6456820594418
1769995815,720.9028959897901
1769995816,720.7096031945072
1769995817,721.448740839615
1769995818,720.8375421985655
1769995819,720.7792968399925
1769995820,720.1829073054887
1769995821,719.49852366812
1769995822,719.3667045030757
1769995823,718.2700042436887
1769995824,718.6094833189009
1769995825,718.4138987417864
1769995826,718.4473717277339
1769996412,718.4473717277339
1769996413,718.4374214789776
1769996414,718.8362306023746
1769996415,719.3160721354499
1769996416,718.6551999951456
1769996417,717.3293743080714
1769996418,716.1190575623986
1769996419,716.2629520604962
1769997011,716.2747134290919
1769997012,717.2528509106978
1769997013,716.2527016569666
1769997014,716.4941199217678
1769997015,716.0716710497376
1769997016,714.7624475821322
1769997017,713.5951764778177
1769997018,713.7815363451477
1769997638,713.8019823606841
1769997639,713.8620784702032
1769997640,714.9460336940837
1769997641,714.2429491169693
1769997642,714.0496563216864
1769997643,714.4843673817705
1769997644,714.1201638683133
1769997645,714.110213619557
1769997646,713.8061196231971
1769997647,713.1198228462125
1769997648,712.9252076867159
1769997649,712.5448742119708
1769997650,712.6881884379424
1769997651,712.6881884379424
1769998211,712.699949806538
1769998212,712.7079380344127
1769998213,713.346271367746
1769998214,712.8360631495775
1769998215,712.6735087332918
1769998216,712.4009298341186
1769998217,711.7156833611695
1769998218,710.9686813881426
1769998219,711.1119956141142
1769998812,711.1237569827099
1769998813,712.2019497434756
1769998814,711.3055723710783
1769998815,711.5615747020806
1769998816,711.4548942494029
1769998817,710.5535964189131
1769998818,710.1491465432804
1769998819,710.3068093163714
1769999412,710.3272553319077
1769999413,710.2902412983623
1769999414,711.160435780497
1769999415,710.7230145532997
1769999416,710.4930532487115
1769999417,710.8827620473755
1769999418,710.6233852301629
1769999419,710.4185776671463
1769999420,710.6814882670525
1769999421,709.8874585498309
1769999422,710.0875691081503
1769999423,709.6010934405115
1769999424,709.7923064928966
1769999425,709.8214371553737
1770000012,709.8214371553737
1770000013,710.9325727480286
1770000014,711.1819029488762
1770000015,711.4231333602559
1770000016,711.3065623006726
1770000017,710.3372989424838
1770000018,709.8075274084977
1770000019,710.1224966797882
1770000612,710.1429426953246
1770000613,711.3835385226669
1770000614,712.3535385226669
1770000615,712.3362018804249
1770000616,712.2355753768134
1770000617,711.2204273877848
1770000618,711.0883988381753
1770000619,711.0425078289437
1770000620,711.06295384448
1770001211,711.06295384448
1770001212,711.2180118875978
1770001213,712.1782108925728
1770001214,712.5642805443141
1770001215,713.0708749308718
1770001216,712.8409136262836
1770001217,713.1599975544688
1770001218,713.1500473057125
1770001219,712.6000699199143
1770001221,712.7137398992559
1770001222,711.7718838641163
1770001223,711.7495214168493
1770001224,711.4731065562862
1770001225,711.4731065562862
1770001227,711.6182143506477
1770001228,711.6473450131248
1770001811,711.6473450131248
1770001812,711.8468350728984
1770001813,713.7283285489145
1770001814,713.4935270274214
1770001815,712.7542970046093
1770001816,710.9156839925462
1770001817,710.8419114191532
1770001818,710.5497212683746
1770001819,710.5314860844616
1770002412,710.5314860844616
1770002413,711.8173845534382
1770002414,713.2102231954086
1770002415,713.0788104539212
1770002416,713.5012139615437
1770002417,711.6556400473023
1770002418,712.2684120205845
1770002419,712.789639217931
1770003012,712.771404034018
1770003013,712.8990935477708
1770003014,714.1887879329876
1770003015,715.51369223354
1770003016,715.4708739177117
1770003017,715.3232250652001
1770003018,714.7504396416683
1770003019,715.7398310560689
1770003020,715.4784396006476
1770003021,714.337563732433
1770003022,713.9556538840131
1770003023,715.1238130879932
1770003024,716.9255543815254
1770003025,716.9469059569815
1770003612,716.9286707730685
1770003613,718.6519482470643
1770003614,719.6887428316463
1770003615,719.034783328067
1770003616,720.016125557498
1770003617,719.0418851884087
1770003618,723.2271274435486
1770003619,723.6080285516761
1770004211,723.6080285516761
1770004212,725.1969257133653
1770004213,726.4613322382459
1770004214,725.6843513418619
1770004215,726.6656935712929
1770004216,725.59534166293
1770004217,728.369237615267
1770004218,728.7501387233945
1770004811,728.7501387233945
1770004812,728.7526160627252
1770004813,730.1528371793642
1770004814,731.5465484475845
1770004815,731.2432501243857
1770004816,731.229576661634
1770004817,730.6525053084432
1770004818,731.3550620229403
1770004819,731.2353060703822
1770004820,730.7554829636933
1770004821,730.2939817499887
1770004822,731.2541807549637
1770004823,733.1581547123374
1770004824,733.1795062877934
1770005412,733.1447012335666
1770005413,733.2832584474969
1770005414,734.6721900668518
1770005415,735.8202997689679
1770005416,735.50381820373
1770005417,735.384669592044
1770005418,735.9080890799702
1770005419,735.2498877527837
1770005420,736.0493722767884
1770005421,738.0755745985132
1770005422,738.0704060548993
1770006013,738.0704060548993
1770006014,739.5159119457538
1770006015,740.5501064009354
1770006016,739.8366164463073
1770006017,740.718953700614
1770006018,741.56521394628
1770006019,742.0187672754638
1770006020,743.4956866907331
1770006611,743.6200821472025
1770006612,743.6944398109387
1770006613,744.8846001205019
1770006614,746.2435728009593
1770006615,746.0036612476149
1770006616,745.9871984228498
1770006617,745.410127069659
1770006618,746.1510286452166
1770006619,746.9908487753353
1770006620,746.9378528852207
1770006621,747.9117913855613
1770006622,747.901841136805
1770006623,749.1709723326776
1770006624,749.2870828539901
1770007211,749.2870828539901
1770007212,750.4502385908527
1770007213,751.5166152403009
1770007214,750.8832632412772
1770007215,751.9155111270015
1770007216,752.470373313453
1770007217,754.467317170383
1770007218,754.844075810932
1770007811,754.844075810932
1770007812,754.864216464481
1770007813,755.5917040266701
1770007814,767.9903333453309
1770007815,767.2897346074186
1770007816,766.3501741126342
1770007817,774.3108691932784
1770007818,774.566577649059
1770007819,774.7308934087989
1770007820,775.8555870139439
1770007821,776.3354930971957
1770008424,774.1725854133925
1770008425,774.1206285104848
1770008426,774.750810931712
1770008427,776.3654223981893
1770008428,781.2704303255852
1770008429,781.0655754789393
1770008430,780.5445002992819
1770008431,780.0973852253012
1770008432,781.0671406950567
1770008433,787.703916167289
1770008434,786.1997114034248
1770008435,785.888037156482
1770008436,786.8482361614571
1770008437,787.5838789352424
1770008438,787.836242119322
1770008439,787.4598049189917
1770009011,786.3474500267861
1770009012,786.087537468366
1770009013,788.2500957373775
1770009014,792.0980178472349
1770009015,791.2996073025556
1770009016,798.2588928485046
1770009017,796.0770992101737
1770009018,797.9982006274032
1770009019,797.1483098032181
1770009612,795.9634010138317
1770009613,796.7396364823999
1770009614,797.6929761505191
1770009615,802.3691807262524
1770009616,801.0357489044809
1770009617,807.9578394729364
1770009618,806.173082591138
1770009619,806.9554489679824
1770009620,808.0038243748985
1770009621,807.1219815105804
1770010211,805.937072721194
1770010212,805.5451489857821
1770010213,806.9338483461233
1770010214,812.9234373060855
1770010215,812.8373293841566
1770010216,811.8684520966177
1770010217,811.8960676167706
1770010218,812.3811422436362
1770010219,816.9661243100483
1770010220,815.1285949777775
1770010221,815.0180839938794
1770010222,816.4087394124386
1770010223,817.7389847904867
1770010224,817.2383608316412
1770010225,816.898393999137
1770010811,816.3834686260027
1770010812,817.3352419895119
1770010813,823.4368236416906
1770010814,821.879490500304
1770010815,827.4726576960776
1770010816,825.8925143529015
1770010817,827.1591046489809
1770010818,828.0251964360097
1770011412,827.1255489273881
1770011413,828.0773222908973
1770011414,833.7655703646626
1770011415,832.2210950122532
1770011416,837.4842456242789
1770011417,835.0518632128649
1770011418,836.6470639210349
1770011419,836.4352735140952
1770012011,835.5356260054737
1770012012,835.6057300308015
1770012013,836.6418780577898
1770012014,836.8624182141509
1770012015,837.1650542463067
1770012016,836.8953068295443
1770012017,836.2511042833779
1770012018,835.7911816742015
1770012019,835.3595773197362
1770012020,835.844258162626
1770012022,838.6692971468095
1770012023,836.4867690752391
1770012025,835.8461324815751
1770012026,836.784808665871
1770012027,837.8922148169338
1770012028,837.7585083492721
1770012029,837.1964368205836
1770012611,836.3315943661888
1770012612,837.2553875009714
1770012613,837.8123532145561
1770012614,837.2077029071957
1770012615,836.3406821255154
1770012616,837.4021141332161
1770012617,834.954979906391
1770012618,835.6233446511874
1770012619,836.7788649221729
1770012620,836.1255503467679
1770013210,835.2706581411294
1770013211,835.3507124152135
1770013212,837.3886911156744
1770013213,836.1499196253725
1770013214,835.353222899091
1770013215,836.2791953820918
1770013216,833.5354742429507
1770013217,835.5458690772896
1770013218,834.9197536708747
1770013811,834.0648614652362
1770013812,835.1261112561322
1770013813,835.0953310910237
1770013814,835.3408325311914
1770013815,835.1890833028515
1770013816,834.171804616916
1770013817,834.288744954412
1770013818,834.6118004408079
1770013819,833.7477309921329
1770013820,832.46765093266
1770013821,833.1410656108047
1770013822,833.5880614010841
1770013823,833.8404245851638
1770013824,833.3480156464105
1770014410,832.493123440772
1770014411,832.3842574076263
1770014412,832.8044681197138
1770014413,831.6453904541946
1770014414,831.7327755973652
1770014415,830.5144716356834
1770014416,831.0328634688693
1770014417,831.7539817784204
1770014418,830.9216060071631
1770015011,830.4066806340287
1770015012,831.5090194462214
1770015013,833.1844590929079
1770015014,832.1051222765718
1770015015,832.0469644213882
1770015016,830.3331019875257
1770015017,831.1583930081506
1770015018,831.8672944715297
1770015612,830.3649352840202
1770015613,830.2560692508744
1770015614,830.6442395106864
1770015615,831.8928929814233
1770015616,831.7758823408464
1770015617,830.7685539036671
1770015618,830.4006656223016
1770015619,830.8853464651914
1770015620,830.509733245885
1770015621,829.183693377201
1770015622,828.8435720040128
1770015623,829.8037710089878
1770015624,830.229007464075
1770015625,830.4813706481547
1770015626,829.9947345330469
1770016212,829.1298920786521
1770016213,829.2090857469989
1770016214,833.4378742909105
1770016215,832.0987875797106
1770016216,832.8215106884984
1770016217,831.6366444009841
1770016218,832.3711647849962
1770016219,832.7453182114125
1770016811,831.3980170670208
1770016812,831.434165094009
1770016813,835.1664013746213
1770016814,834.1105220033453
1770016815,833.6292642824707
1770016816,833.1501677275211
1770016817,833.8390684106768
1770016818,833.5148629285752
1770017411,832.6150056747598
1770017412,832.6511537017481
1770017413,833.5977303423546
1770017414,837.0917030558182
1770017415,836.7738378364604
1770017416,836.1270637324986
1770017417,835.3069020947997
1770017418,835.7366945245922
1770017419,835.3898751019368
1770017420,834.7538714467433
1770017421,835.1496425910219
1770017422,835.1871619436711
1770017423,836.1473609486461
1770017424,836.5450031723104
1770017425,836.442598528861
1770017426,835.7826870326895
1770018011,834.927794827051
1770018012,835.1053785327884
1770018013,837.1103478505322
1770018014,838.5885989227021
1770018015,837.9920027788423
1770018016,837.20291943554
1770018017,837.6327118653325
1770018018,837.4443449567062
1770018019,837.5582471700519
1770018020,837.24958216176
1770018021,838.0848234311412
1770018022,837.9454454418606
1770018023,838.5367930516378
1770018024,838.4343884081884
1770018025,837.5780442349202
1770018611,837.0631188617858
1770018612,837.1092171375303
1770018613,839.937278067918
1770018614,841.362651971437
1770018615,840.2181287960681
1770018616,840.4312710960288
1770018617,840.2104435398207
1770018618,839.925780313509
1770018619,841.0459506298569
1770018620,841.8253579411266
1770018621,841.3829864651731
1770019211,840.5081937620221
1770019212,840.5542920377666
1770019213,841.4275369244442
1770019214,845.2463402467682
1770019215,844.4048322982951
1770019216,843.6948971256734
1770019217,843.6280465720488
1770019218,843.6888141626671
1770019219,843.8417738260416
1770019220,842.7161685192422
1770019221,842.7268895327599
1770019222,842.6765662698474
1770019223,843.1518254843319
1770019224,842.6764523500035
1770019225,842.6650501336176
1770019812,841.810157927979
1770019813,842.5406556351378
1770019814,844.8149386760934
1770019815,843.3775010187113
1770019816,842.663192330363
1770019817,842.4313219508806
1770019818,842.1991317321354
1770019819,841.6378547835451
1770020412,840.7673112209574
1770020413,840.8841873750856
1770020414,843.4966805813234
1770020415,843.2343321711272
1770020416,841.9868121825249
1770020417,841.2099008166975
1770020418,841.2795894578904
1770020419,840.8599062665119
1770020420,840.474301410971
1770020421,839.793393450772
1770021011,838.9143877699562
1770021012,838.9841186978348
1770021013,839.2193267226017
1770021014,841.529100318391
1770021015,841.2813665994197
1770021016,840.3178427155709
1770021017,840.1253181588672
1770021018,839.4196676448488
1770021019,839.8094768802451
1770021020,839.0542813722154
1770021021,838.5973289800261
1770021022,838.390683635321
1770021023,838.1332209487539
1770021024,837.7414420493989
1770021612,836.8865498437603
1770021613,836.602368241837
1770021614,836.0995271357791
1770021615,834.9666488241862
1770021616,834.1400702269085
1770021617,834.6047649940966
1770021618,833.9332773237526
1770021619,833.4846277146552
1770022211,832.6297355090167
1770022212,832.7612209390096
1770022213,832.2551988641263
1770022214,832.139395646163
1770022215,832.254355564592
1770022216,831.4269647409325
1770022217,831.1039195202221
1770022218,829.5786927702962
1770022219,830.981671922156
1770022220,830.4619781668522
1770022221,830.4478852000094
1770022222,829.7616734018574
1770022811,828.5767646124709
1770022812,828.3682832099597
1770022813,828.5563429114522
1770022814,828.2005326769107
1770022815,828.6774926836404
1770022816,828.3901792508045
1770022817,828.8516812645454
1770022818,828.3708052214803
1770022819,827.5434143978208
1770022820,827.8912466650561
1770022821,827.8812964162998
1770022822,827.2042702915126
1770022823,828.0196508164242
1770022824,827.6284816621953
1770022825,827.5632982238776
1770022826,827.0973453794043
1770022827,826.8918105535336
1770022828,827.0232959835265
1770022829,826.2084772202004
1770022830,825.9327094346556
1770023411,824.7478006452692
1770023412,824.6330884917511
1770023413,824.1207476293627
1770023414,823.7062412140706
1770023415,824.6350806886859
1770023416,825.5817558342612
1770023417,824.3734520032383
1770023418,824.4207189008125
1770024011,822.4026862491223
1770024012,822.3398338444789
1770024013,822.6586421159885
1770024014,821.7057435652639
1770024015,821.5623109895316
1770024016,821.6406135069545
1770024017,821.1589911468117
1770024018,821.2606563823663
1770024612,819.2342688804546
1770024613,818.791897404501
1770024614,819.5070034081293
1770024615,819.254226594523
1770024616,819.1287188674578
1770024617,818.2243241742572
1770024618,818.5244900117364
1770024619,817.7812957267511
1770024620,818.4873530792994
1770024621,818.0517629646048
1770024622,817.5858101201314
1770024623,817.0171595968144
1770024624,816.9343987976357
1770024625,816.242710614081
1770025212,815.0578018246946
1770025213,814.945446932489
1770025214,815.3813536942315
1770025215,815.5703182915348
1770025216,814.1876667345051
1770025217,814.5266580524253
1770025218,813.7339317613998
1770025219,814.2164655291654
1770025220,813.7192710434359
1770025221,812.9285193001016
1770025222,812.2451859667683
1770025810,811.0602771773819
1770025811,810.7103600961215
1770025812,811.5809095783275
1770025813,810.3772153427276
1770025814,810.5114082396292
1770025815,808.9710444889042
1770025816,808.2384255462872
1770025817,807.5707189819424
1770025818,806.5474188161049
1770026412,805.7024768592227
1770026413,805.3525597779623
1770026414,805.5406194794548
1770026415,806.5523536960397
1770026416,806.7173885985491
1770026417,806.23913173472
1770026418,805.4026941730533
1770026419,805.4927992034568
1770026420,805.0332865845459
1770026421,804.3063441447302
1770026422,803.9464307903653
1770026423,803.6784878961407
1770026424,803.3388426046087
1770026425,803.3189421070963
1770026426,802.6441070548896
1770027010,801.4591982655031
1770027011,801.539737597827
1770027012,803.3319268001801
1770027013,802.5433005388024
1770027014,801.9913515379322
1770027015,800.8176524947434
1770027016,799.6629877253997
1770027017,799.1487250440972
1770027018,797.8595362363629
1770027611,797.0145942794807
1770027612,797.3940643533537
1770027613,798.6377916823358
1770027614,797.8696545900195
1770027615,797.3020917799129
1770027616,796.1999078710785
1770027617,795.7820006740668
1770027618,795.0670203076379
1770028211,793.1945472030753
1770028212,793.2750865353992
1770028213,793.6232547850599
1770028214,794.741665243681
1770028215,794.4839148348859
1770028216,794.4839148348859
1770028218,793.599021121634
1770028219,794.5213833205405
1770028220,794.5213833205405
1770028221,794.6214385997002
1770028222,794.611488350944
1770028223,794.5798015468691
1770028226,793.7271847857137
1770028227,793.1152286509305
1770028229,792.4202942321155
1770028230,792.1490808545587
1770028231,792.1498920161422
1770028232,792.2685487325601
1770028233,791.8625785833065
1770028234,791.8625785833065
1770028235,791.8625785833065
1770028236,791.4026057203486
1770028238,791.4003846826798
1770028239,791.2390485064183
1770028240,790.8330783571646
1770028241,790.8359304758814
1770028242,790.5784677893142
1770028243,790.2385009568101
1770028810,789.3935589999278
1770028811,789.7267264957818
1770028812,790.9412553166377
1770028813,789.5958872950855
1770028814,790.0191332913813
1770028815,787.0006535038846
1770028816,786.4256629595302
1770028817,785.8823606355338
1770029410,783.6883329109091
1770029411,784.1088390757371
1770029412,785.4863526622058
1770029413,785.3559569817454
1770029414,784.9965884721246
1770029415,783.9211554866758
1770029416,783.3865554019152
1770029417,783.1530454246503
1770029418,782.2022991559936
1770030011,782.1839229519077
1770030013,782.5452413598679
1770030014,782.6953996592798
1770030015,783.4872251968486
1770030016,783.7785944376013
1770030017,782.9332529631554
1770030018,783.4083773412648
1770030019,783.3637255999712
1770030021,782.4798989140029
1770030022,782.841273141828
1770030023,782.3410996598388
1770030024,782.1907211177667
1770030025,781.8182174389775
1770030026,781.6427376948411
1770030027,781.0754313693259
1770030610,781.0654811205696
1770030611,781.1792870907188
1770030612,782.1909008003145
1770030613,781.9407852369625
1770030614,782.5266091918276
1770030615,781.9633816614189
1770030616,781.6158303382123
1770030617,781.2463289837012
1770031211,780.6997376672117
1770031212,780.7722915643925
1770031213,781.6014264756169
1770031214,781.3128474409656
1770031215,781.7881817071346
1770031216,780.9659329687104
1770031217,780.0169330196529
1770031218,779.7276448665808
1770031811,779.1419623369796
1770031812,778.8332973286878
1770031813,778.993405876856
1770031814,779.7953854544683
1770031815,780.0039579764737
1770031816,779.5290190744923
1770031817,779.7733777076829
1770031818,779.006317378635
1770031819,778.9730191734376
1770031820,777.9530140195033
1770031821,777.3201329702042
1770031822,776.8326293120246
1770031823,776.7320607263814
1770031824,776.3019771019505
1770032410,776.3019771019505
1770032411,776.0337530050436
1770032412,777.6215457280425
1770032413,777.3777965253381
1770032414,777.5353559504348
1770032415,776.6982770735349
1770032416,775.9205974928909
1770032417,775.5717164938782
1770033011,775.0029582007332
1770033012,774.5597755631962
1770033013,776.0121065739307
1770033014,776.361253695466
1770033015,776.0136487713685
1770033016,776.356967745603
1770033017,775.8768545394581
1770033018,775.9678033516002
1770033019,775.1446421522494
1770033020,775.3238019090211
1770033021,775.0681480003135
1770033022,774.5008416747983
1770033611,774.4993897071686
1770033614,774.0807191709607
1770033615,773.9057606303305
1770033616,774.0658691784987
1770033617,774.0559189297425
1770033618,775.6667220569636
1770033619,775.5468667878547
1770033620,775.5468667878547
1770033621,775.9322339082964
1770033622,775.9222836595402
1770033623,775.7786269431223
1770033624,775.7786269431223
1770033625,776.2637015699879
1770033626,776.3292635903944
1770033627,776.2203083665138
1770033628,776.1608556301953
1770033630,775.2362958892178
1770033631,775.6626433187367
1770033632,775.4779784079964
1770033633,775.1064646532408
1770033634,774.8975546577636
1770033635,774.8876044090074
1770033636,774.4699866156213
1770033637,774.591521796858
1770033638,774.4401358693527
1770033639,774.0242154713428
1770033640,774.001626289592
1770034210,774.001626289592
1770034211,773.4717504164324
1770034212,774.7434218006039
1770034213,775.2226943936824
1770034214,775.4790181074901
1770034215,774.9051806476567
1770034216,774.6469978772978
1770034217,774.1534240796196
1770034811,773.7191274775238
1770034812,773.1378933897468
1770034813,775.0191432551384
1770034814,775.2007885998433
1770034815,775.2657044054308
1770034816,775.8033211995091
1770034817,775.2724575439307
1770034818,775.436523767435
1770034819,775.1236753011656
1770034820,774.6577769448459
1770034821,774.6279261985773
1770035411,774.1978425741463
1770035412,773.8081133269346
1770035413,773.8032135832289
1770035414,774.3814158259833
1770035415,774.7957726134744
1770035416,774.9225665285146
1770035417,775.353587778852
1770035418,774.906873979428
1770035419,774.7613449823626
1770035420,775.1569273116799
1770035421,774.9530018838738
1770035422,774.6130101134028
1770035423,774.5831593671342
1770035424,774.1530757427032
1770036011,774.1530757427032
1770036012,773.5578972922325
1770036013,774.8250381481573
1770036014,775.4369066900632
1770036015,774.863357746114
1770036016,775.1568776301085
1770036017,774.8439969784218
1770036018,773.9875411622645
1770036612,773.9733779358435
1770036613,773.3640924384479
1770036614,773.6274864628467
1770036615,774.1289798095114
1770036616,774.1695594756312
1770036617,774.0959648982804
1770036618,773.9863343568295
1770036619,773.6631896523259
1770037211,772.8271358786412
1770037212,772.2459017908642
1770037213,772.4275674693472
1770037214,772.6943752883938
1770037215,772.6813501363761
1770037216,772.9117344742288
1770037217,772.842331489154
1770037218,772.7113788548213
1770037219,772.9400373197966
1770037220,772.2054636603162
1770037221,772.1756129140475
1770037222,772.0745719764237
1770037223,771.9132358001622
1770037224,771.5015463839952
1770037811,770.8975662844928
1770037812,770.5988515249571
1770037813,770.5023085481415
1770037814,770.0071859190122
1770037815,770.7063034535116
1770037816,770.9758930057504
1770037817,770.5421306580685
1770037818,769.9883038325999
1770037819,771.1731842442998
1770037820,769.8850092547202
1770037821,769.6465859864462
1770037822,769.643254429943
1770037823,769.2173837831768
1770038410,768.8774169506727
1770038411,768.6091928537659
1770038412,767.9287143956268
1770038413,767.9996030330027
1770038414,767.6707188407643
1770038415,766.8754488947246
1770038416,768.065090290031
1770038417,767.6242568631803
1770038418,767.059858077886
1770039011,766.7198912453819
1770039012,766.355625617002
1770039013,766.34077562454
1770039014,765.6072902735174
1770039015,765.8124010831058
1770039016,765.7150736178678
1770039017,765.4476606825444
1770039018,765.944786166237
1770039019,765.231850842854
1770039020,764.644176162642
1770039021,765.8925443381845
1770039022,765.7736388655477
1770039023,765.556778721822
1770039024,765.0968058588641
1770039025,765.2033126486234
1770039026,765.0519267211181
1770039027,764.6303052149152
1770039028,764.6303052149152
1770039611,764.290338382411
1770039612,763.9916236228754
1770039613,762.9848730483288
1770039614,763.1370222825283
1770039615,763.4762247079015
1770039616,761.971018144486
1770039617,763.9092094115474
1770039618,764.2333664941001
1770039619,763.7638417772588
1770040211,763.4238749447546
1770040212,762.8541601131158
1770040213,761.6800302068963
1770040214,761.899369408325
1770040215,761.777870698865
1770040216,762.0332513380449
1770040217,761.5823673974005
1770040218,761.0315619010727
1770040219,760.9779575822413
1770040811,760.6379907497371
1770040812,760.3138562140821
1770040814,760.1388976734519
1770040815,760.3989609932167
1770040816,760.3890107444605
1770040817,759.7282824311399
1770040818,760.0483487661315
1770040819,759.3148409803849
1770040821,760.0619876002269
1770040822,759.8986568182394
1770040823,759.8986568182394
1770040824,759.7373206419778
1770040825,759.7373206419778
1770040826,760.346151487749
1770040827,760.6049290286161
1770040830,759.8919937052331
1770040833,759.13051260926
1770040834,759.0745135348645
1770040835,760.3913784583673
1770040836,760.3913784583673
1770040837,760.8057352458584
1770040838,760.8057352458584
1770040839,760.8200586903642
1770040840,760.8200586903642
1770040841,760.7781570872686
1770040842,760.3181842243107
1770040843,760.3181842243107
1770040845,760.1615599383332
1770040847,760.0196030560778
1770040848,760.5046776829435
1770040849,760.5046776829435
1770040852,760.4820885011926
1770040854,760.4820885011926
1770041410,760.1421216686884
1770041411,759.673519255032
1770041412,759.3108508237892
1770041413,759.010778339125
1770041414,758.2161232475794
1770041415,760.5639470151025
1770041416,760.7284103588387
1770041417,763.9659456379297
1770042012,763.6075665929835
1770042013,763.1389641793271
1770042014,762.6344098831389
1770042015,762.6056791026522
1770042016,763.1321446584709
1770042017,762.371110625795
1770042018,764.9562304568194
1770042019,764.857673700255
1770042020,769.3513954233547
1770042021,769.3202902653838
1770042611,768.9803234328797
1770042612,768.7199421009032
1770042613,768.544983560273
1770042614,768.0574222213762
1770042615,768.1489558949995
1770042616,767.9929588148731
1770042617,767.7116668619393
1770042618,767.7116668619393
1770042619,768.1070913144797
1770042620,766.8219989193127
1770042621,766.8457528592146
1770042622,767.7669891685106
1770042623,768.8406279432779
1770042624,768.5371229961037
1770042625,768.6261777224719
1770042626,769.060299467228
1770042627,774.9906477259344
1770042628,774.9849284590211
1770042629,774.9849284590211
1770043211,774.644961626517
1770043212,774.4364225326254
1770043213,772.7102478252908
1770043214,772.5353434312891
1770043215,771.1727724138674
1770043216,773.666869009643
1770043217,773.5509273795811
1770043218,777.3311561118065
1770043812,776.9911892793024
1770043813,776.4920962030171
1770043814,775.7343635358529
1770043815,774.9839875332201
1770043816,774.8000286778619
1770043817,775.6651730624092
1770043818,776.2142252451114
1770043819,776.568064109398
1770043820,781.1641828066918
1770044411,780.8242159741876
1770044412,780.5000814385326
1770044414,780.3251228979024
1770044415,780.3823691342532
1770044416,779.3685411671909
1770044417,778.9985728270733
1770044418,778.5585767775443
1770044419,778.6105046382409
1770044420,778.1521535366062
1770044421,778.6372281634718
1770044422,777.921754250983
1770044424,777.1241313906736
1770044425,778.6609577422137
1770044426,779.734596516981
1770044427,779.8259013564202
1770044428,779.3102761993772
1770044429,779.4961599673505
1770044430,779.7536909935383
1770044431,783.3739231660093
1770044432,783.334482073599
1770045012,782.9945152410949
1770045013,782.7595536852377
1770045014,781.8991866925923
1770045015,780.6366390585783
1770045016,780.6773069465029
1770045017,779.2177263764746
1770045018,781.6548458025728
1770045019,781.1322669524567
1770045020,782.8774015215803
1770045610,782.5374346890761
1770045611,782.302473133219
1770045612,782.1020948164694
1770045613,780.6952735773793
1770045614,779.9172462764825
1770045615,779.572701144997
1770045616,779.4537956723602
1770045617,778.6714973246425
1770045618,780.1205713987165
1770045619,781.1901243309196
1770045620,780.6744991738766
1770045621,780.6161571841914
1770045622,782.2669656419027
1770045623,782.2357696903301
1770046211,781.895802857826
1770046212,781.6972717040709
1770046213,781.4968933873213
1770046214,780.8268178399874
1770046215,779.4602075343817
1770046216,779.3974683457096
1770046217,779.5188289795154
1770046218,778.8033550670266
1770046219,778.2315555074196
1770046220,779.3148280669778
1770046221,780.6115714562586
1770046222,780.0959462992156
1770046223,779.915026721281
1770046224,781.0016524163351
1770046225,780.9959151452438
1770046811,780.6559483127396
1770046812,780.3142850785857
1770046813,778.990569112978
1770046814,779.0260605981293
1770046815,778.1644678480105
1770046816,779.9505537069607
1770046817,780.4712473375424
1770046818,780.9495958449514
1770047411,780.6038917413559
1770047412,780.4650455906161
1770047413,778.4701408861015
1770047414,778.6794238364292
1770047415,777.8178310863104
1770047416,779.9530782592363
1770047417,780.000944558222
1770047418,781.1231652796525
1770048011,780.7690352207273
1770048012,780.5705040669723
1770048013,780.401064804949
1770048014,779.5755978453501
1770048015,778.7359787365928
1770048016,778.2298213233787
1770048017,778.9082650422841
1770048018,778.3908010800441
1770048019,777.6593749685425
1770048020,779.9877729330577
1770048021,780.7223674148363
1770048022,780.6467643694572
1770048023,780.574034933251
1770048024,781.0591095601167
1770048025,780.9859646463874
1770048612,780.6459978138832
1770048613,779.9556451265622
1770048614,778.1046606696368
1770048615,778.0287715577731
1770048616,776.4387047009153
1770048617,780.3461297901899
1770048618,779.7241245151995
1770048619,779.5540315404656
1770049211,779.2140647079615
1770049212,778.5546510753668
1770049213,778.2497843468946
1770049214,776.9086731442394
1770049215,777.0949442552823
1770049216,776.7754902432908
1770049217,775.8857209664749
1770049218,780.1036982744098
1770049219,779.6768778311714
1770049220,780.3026102800382
1770049221,779.6942038145118
1770049810,779.3542369820076
1770049811,778.8642626114362
1770049812,778.7300917191029
1770049813,777.8431738310657
1770049814,776.9170280448453
1770049815,776.6571206715283
1770049816,776.297774545018
1770049817,776.4581517634037
1770049818,775.3157483274094
1770049819,775.1429133154772
1770049820,778.6784582112283
1770049821,778.5758029410719
1770049822,778.1378814374787
1770049823,778.3654933777772
1770049824,778.1158656299913
1770049825,778.1158656299913
1770050410,777.7758987974871
1770050411,777.2605046507963
1770050412,776.2773227605247
1770050413,775.0912696009874
1770050414,774.7941712476775
1770050415,775.0357881019809
1770050416,776.2828220990306
1770050417,775.7776484722151
1770050418,775.5490856127535
1770051010,775.2091187802494
1770051011,774.6937246335585
1770051012,774.5849735173447
1770051013,772.7983111697869
1770051014,772.4245978263207
1770051015,772.2409357794123
1770051016,772.4031466230047
1770051017,771.2002086071553
1770051018,772.9514948437436
1770051019,773.0556357931321
1770051020,772.8040499621047
1770051021,772.6047409516017
1770051022,772.9248072865934
1770051023,772.2484145720545
1770051610,771.9084477395503
1770051611,771.4184733689789
1770051612,771.2180950522293
1770051613,770.9030835711729
1770051614,769.8940097959053
1770051615,769.5240414557877
1770051616,769.3536910021734
1770051617,768.994344875663
1770051618,769.6444277944026
1770051619,769.1269638321626
1770051620,768.347903023354
1770051621,768.0341323368086
1770051622,768.7759495664499
1770051623,768.7725498981249
1770051624,769.3799090832865
1770051625,768.3249565731102
1770051626,768.3113421057643
1770051627,768.5489042948191
1770051628,768.8689706298107
1770051629,768.1813131724168
1770052211,767.8413463399127
1770052212,767.2643326813536
1770052213,765.5699223102268
1770052214,764.9783476206494
1770052215,764.0406629305952
1770052216,764.5403964617749
1770052217,763.9808145749903
1770052218,764.4588253149414
1770052812,763.2767492859305
1770052813,762.814454532591
1770052814,760.9866004041713
1770052815,760.4149596583208
1770052816,759.393341363183
1770052817,761.0621314087107
1770052818,760.5159211311463
1770052819,760.9829313183058
1770053411,759.7583638836621
1770053412,759.7430854671546
1770053413,759.6465967568599
1770053414,757.9936717516962
1770053415,757.718977819397
1770053416,757.3596316928866
1770053417,759.2467613326037
1770053418,758.8658276551265
1770053419,759.3313503127429
1770053420,760.1925443425936
1770053421,761.4170450906018
1770053422,760.1131805747971
1770053423,759.6972601767872
1770053424,759.5123513874007
1770053425,759.151229645682
1770054010,758.8112628131778
1770054011,758.7430743437602
1770054013,758.7640631497304
1770054015,758.9191211928481
1770054016,760.2147927124001
1770054017,759.2420720050864
1770054018,759.2420720050864
1770054019,758.9154502120906
1770054020,759.0292561822398
1770054021,759.0292561822398
1770054022,759.5185241282242
1770054023,759.5185241282242
1770054024,760.0765093956853
1770054025,759.9883973244625
1770054026,760.1764570259551
1770054027,760.1005034604493
1770054029,759.6454589338659
1770054030,760.0297445103611
1770054031,760.0197942616048
1770054032,760.0998485356889
1770054033,760.308291614413
1770054034,760.5683549341778
1770054035,761.4264985594856
1770054036,761.3515952980151
1770054037,761.3515952980151
1770054038,761.3636461548421
1770054040,761.7061745841243
1770054042,762.0262409191159
1770054043,761.1405735114732
1770054045,761.1405735114732
1770054612,760.8006066789691
1770054613,760.8041449125748
1770054614,761.212438835838
1770054615,762.1800192592478
1770054616,762.2519595905892
1770054617,762.3119572214823
1770054618,763.7665997249484
1770054619,763.5519530369094
1770055211,763.2119862044052
1770055212,763.1437977349876
1770055213,763.1338474862314
1770055214,763.2762125838203
1770055215,765.4290217702115
1770055216,764.4331742055272
1770055217,764.1065524125314
1770055218,764.2203583826806
1770055219,769.6598750848839
1770055220,770.2423955534074
1770055221,771.3543940405041
1770055223,770.7642205609842
1770055224,770.9989334879067
1770055225,771.0474322120843
1770055226,772.4322525548151
1770055227,772.3573492933447
1770055228,772.4794056780876
1770055229,773.2368802101889
1770055230,772.3336163570409
1770055231,772.3336163570409
1770055811,771.9936495245367
1770055812,771.9155108063629
1770055813,773.1613337131151
1770055814,778.5294702712209
1770055815,782.2747313343265
1770055816,782.2431641447804
1770055817,784.1626123582585
1770055818,784.171769867416
1770055819,783.5774916163251
1770056411,783.237524783821
1770056412,783.0510993741049
1770056413,785.4163434684534
1770056414,783.9313666397857
1770056415,785.7476438774298
1770056416,789.0816625516684
1770056417,788.8892780606215
1770056418,790.8375267163327
1770056419,790.3325515919546
1770056420,790.3325515919546
1770056421,790.4546079766975
1770056423,791.0004501941814
1770056424,791.3205165291731
1770056425,791.3205165291731
1770056427,790.3951859172753
1770056429,790.3951859172753
1770057011,790.0552190847711
1770057012,789.8513597632648
1770057013,789.5363482822085
1770057014,791.3584166576499
1770057015,791.2164597753945
1770057016,795.3049166506819
1770057017,795.7408666715698
1770057018,799.0819245401218
1770057019,798.5857848240294
1770057020,798.8759068007884
1770057021,798.9675798082999
1770057022,800.2128433893843
1770057023,800.367901432502
1770057024,800.7387851093557
1770057025,799.8473023522013
1770057610,799.5073355196971
1770057611,799.4391470502795
1770057612,799.7549754176003
1770057613,798.4506427471737
1770057614,803.3192018487881
1770057615,806.5340883413652
1770057616,806.6515494150887
1770057617,807.0198191773882
1770057618,806.3627709326532
1770058211,806.0228041001491
1770058212,805.9756044367017
1770058213,806.6101842847144
1770058214,805.8604848651456
1770058215,805.7823461469718
1770058216,809.2328530661574
1770058217,812.5739109347094
1770058218,812.6175638820937
1770058219,812.9389070177688
1770058220,812.7380748538023
1770058221,813.1492965232329
1770058222,813.2910120906947
1770058223,813.4460701338124
1770058224,812.5292014856005
1770058811,811.8592180693485
1770058812,811.9357746248065
1770058813,812.0019820492229
1770058814,812.089907877249
1770058815,811.9479509949936
1770058816,815.4800942005345
1770058817,815.5070861066754
1770058818,818.8481439752273
1770058819,818.9140343038042
1770058820,819.3074007492249
1770058821,819.4037843754262
1770058822,820.1879745357357
1770058823,819.8270569016838
1770058824,819.8835181850108
1770058825,818.9515080230545
1770059412,818.9515080230545
1770059413,819.1097415302921
1770059414,818.8823777364033
1770059415,822.2888707614741
1770059416,822.3855412551595
1770059417,828.856929158519
1770059418,828.7131075851835
1770059419,831.501952952702
1770059420,831.0019102064691
1770059421,829.9377734434755
1770060011,829.9377734434755
1770060012,830.0297995262968
1770060013,831.5071210967948
1770060014,831.4858877132581
1770060015,848.7860316016591
1770060016,850.9241198343309
1770060017,852.2097479015089
1770060018,851.7215460536055
1770060019,850.811651084009
1770060610,850.811651084009
1770060611,850.922093270834
1770060612,850.9883006952504
1770060613,853.8832617358914
1770060614,852.90631314551
1770060615,855.6472688166997
1770060616,855.6588413886227
1770060617,872.6622963361075
1770060618,874.4434115931556
1770060619,874.6885374736887
1770060620,874.4261750434159
1770060621,875.0621222913034
1770060622,874.9122383967219
1770060623,875.0446532455546
1770060624,874.0685508515418
1770061211,874.0685508515418
1770061212,874.0003623821242
1770061214,874.1789930383668
1770061215,874.2452004627831
1770061216,874.070241922153
1770061217,877.0996449072276
1770061218,876.5434674611248
1770061219,876.5434674611248
1770061220,876.4015105788694
1770061221,876.4157078850216
1770061222,876.5913919646235
1770061224,879.0466158452206
1770061226,879.0827144221035
1770061227,896.1511223823026
1770061228,896.0861693695883
1770061229,899.6304479765535
1770061231,899.8838088318514
1770061232,899.8371900737899
1770061233,900.1143800731601
1770061234,900.1044298244038
1770061235,899.5994547000257
1770061237,899.7471816736233
1770061239,900.8881040458889
1770061240,900.3831289215108
1770061241,900.3831289215108
1770061242,900.5289168358715
1770061243,900.4529001581266
1770061246,900.4429499093703
1770061248,899.4700720081277
1770061811,899.4700720081277
1770061812,899.3290729882876
1770061813,899.2203218720738
1770061814,903.9863157311243
1770061815,904.034240234623
1770061816,905.0043894883543
1770061817,905.0919441393418
1770061818,925.0655483405579
1770061819,928.8060366005974
1770061820,929.2612604811943
1770061821,928.967520069644
1770061822,931.7133445188267
1770061823,931.2281206382297
1770061824,931.6731827769289
1770061825,931.6731827769289
1770062412,930.6959434230375
1770062413,930.5549444031975
1770062414,930.4461932869837
1770062415,935.9806512787153
1770062416,935.0220369429866
1770062417,935.2119183287407
1770062418,936.017059290598
1770062419,935.7456914108953
1770062420,952.5016339205691
1770062421,956.2756585343424
1770062422,956.4262155371017
1770062423,955.9882711128814
1770062424,958.2995162704926
1770062425,957.8835958724827
1770062427,958.3849753945169
1770062428,957.404897336531
1770063011,957.404897336531
1770063012,957.373903844607
1770063013,957.2651527283931
1770063014,962.000164125718
1770063015,961.8691619549998
1770063016,962.3442863331092
1770063017,978.8121747313178
1770063018,982.5608437573218
1770063019,982.4700989372454
1770063020,981.6215462380587
1770063021,983.8698602236861
1770063022,984.2928662421359
1770063023,984.2928662421359
1770063611,983.287183449204
1770063612,983.25618995728
1770063613,985.7755444584617
1770063614,986.1196666658528
1770063615,996.0818822792816
1770063616,996.9356214203042
1770063617,997.9120690947094
1770063618,997.7355998271852
1770064223,996.7234878977494
1770064224,996.6139190287424
1770064225,996.5379654632367
1770064226,1000.8484756122881
1770064227,1000.7020086200835
1770064228,1001.2768272089362
1770064229,1016.2708376038888
1770064230,1020.1892294443918
1770064231,1019.9230238868138
1770064232,1018.7530667444911
1770064233,1021.1869900572203
1770064234,1021.1225416570195
1770064235,1021.5154959140742
1770064236,1024.9333851910933
1770064811,1024.9333851910933
1770064812,1024.7955370833595
1770064813,1029.1714453391412
1770064814,1029.9037039805748
1770064815,1048.4802872297425
1770064816,1046.987123861432
1770064817,1049.4380028646185
1770064818,1049.1760325917803
1770065412,1048.1660823430243
1770065413,1048.3503932813298
1770065414,1052.563482004381
1770065415,1053.2947358672425
1770065416,1071.21678622531
1770065417,1069.5721262861362
1770065418,1072.0984160555527
1770065419,1072.0877048790912
1770066010,1071.572779505957
1770066011,1071.4474955615333
1770066012,1071.635555263026
1770066013,1071.7570904442625
1770066014,1076.8929041294598
1770066015,1076.089214245546
1770066016,1076.0792639967897
1770066017,1076.2005911843812
1770066018,1077.3022258681056
1770066019,1077.3022258681056
1770066020,1093.8564915766
1770066021,1093.818254192094
1770066023,1097.6072290099737
1770066024,1096.282472312774
1770066025,1096.1918290379201
1770066026,1096.0900185029661
1770066027,1097.0306737538438
1770066028,1097.0306737538438
1770066030,1097.0375136490081
1770066031,1096.9351090055588
1770066032,1096.5461110130652
1770066611,1096.031185639931
1770066612,1096.1337781860705
1770066613,1100.6179696589968
1770066614,1101.3142480870638
1770066615,1121.8701037294866
1770066616,1120.829312240406
1770066617,1121.9634946770702
1770066618,1121.932378328986
1770067211,1120.9839873723768
1770067212,1120.915798902959
1770067213,1120.9708095639398
1770067214,1126.2866375089993
1770067215,1125.6856042139364
1770067216,1126.8322914128626
1770067217,1142.4004387713085
1770067218,1146.1348526557645
1770067219,1145.0371949994428
1770067220,1144.7697475678797
1770067221,1145.937964505274
1770067222,1145.9448044004384
1770067223,1146.0998624435563
1770067224,1145.4230055002029
1770067811,1144.9080801270686
1770067812,1144.839891657651
1770067813,1145.0316234747559
1770067814,1150.3905672918256
1770067815,1149.665777777857
1770067816,1150.747511964069
1770067817,1150.3543166503152
1770067818,1167.1652619239471
1770067819,1170.664979139755
1770067820,1169.3896572953686
1770067821,1169.4319110127758
1770067822,1170.7438349203696
1770067823,1170.8773640946733
1770067824,1170.6264519885374
1770067825,1169.669478381994
1770068411,1169.6595281332377
1770068412,1169.502814037981
1770068413,1173.2129897906111
1770068414,1172.3445435602248
1770068415,1183.9208461886294
1770068416,1186.095875256667
1770068417,1185.3029088685823
1770068418,1186.198892011288
1770068419,1185.7359426338815
1770069012,1185.2210172607472
1770069013,1185.2366477915666
1770069014,1187.9141543201097
1770069015,1189.1703199926148
1770069016,1202.793551976336
1770069017,1201.6913910600265
1770069018,1201.880924160067
1770069019,1201.7143036543482
1770069611,1201.2484279048906
1770069612,1201.0788999789095
1770069613,1201.1711056173838
1770069614,1203.6872923652084
1770069615,1203.5912341945234
1770069616,1204.8913501560692
1770069617,1204.379531369816
1770069618,1217.922270057331
1770069619,1218.0579488064425
1770069620,1216.8722437090455
1770069621,1216.5665064000832
1770069622,1217.154120654393
1770069623,1216.9875001486741
1770069624,1217.142558191792
1770069625,1217.0557045810576
1770070211,1216.5407792079234
1770070212,1216.4725907385057
1770070213,1216.3893087358208
1770070214,1219.6005311049878
1770070215,1218.8580621311758
1770070216,1220.0733744584286
1770070217,1219.6317437494145
1770070218,1232.916362323212
1770070219,1232.4961798442018
1770070220,1231.6985314880444
1770070221,1231.8725919858803
1770070222,1231.8725919858803
1770070223,1231.7059714801615
1770070224,1231.6960212314052
1770070225,1231.582504308975
1770070811,1231.0675789358409
1770070812,1230.9993904664232
1770070813,1231.0000027894237
1770070814,1233.1018736615438
1770070815,1233.015765739615
1770070816,1234.083174293054
1770070817,1242.2337807079841
1770070818,1243.383939007396
1770070819,1243.837984257337
1770070820,1242.265356315249
1770070821,1242.0474926632119
1770070822,1242.088055156866
1770070823,1241.9408625484793
1770070824,1241.6767307138587
1770071412,1241.1618053407244
1770071413,1241.1931509469603
1770071414,1243.5406665739536
1770071415,1243.5479426933566
1770071416,1243.637797774839
1770071417,1245.2893317715225
1770071418,1255.5507057193934
1770071419,1259.0338317558776
1770071420,1258.0399626960098
1770071421,1257.4919175332004
1770071422,1258.281889004515
1770071423,1258.3331789465574
1770071424,1258.1859863381708
1770071425,1257.875418841036
1770072011,1257.3604934679017
1770072012,1257.1723492218118
1770072013,1260.1120164319796
1770072014,1261.0199704840181
1770072015,1271.688979509551
1770072016,1274.3311640735776
1770072017,1275.0355167568302
1770072018,1274.9521649724397
1770072019,1274.6037392804674
1770072611,1274.0888139073331
1770072612,1273.890719412487
1770072613,1276.8123053539491
1770072614,1277.6749158106027
1770072615,1289.0130828861313
1770072616,1291.8084787883995
1770072617,1291.3907726871375
1770072618,1292.4748029070952
1770072619,1292.1970998473025
1770073211,1291.6821744741683
1770073212,1291.6349447033213
1770073213,1291.6150442058088
1770073214,1294.316262473445
1770073215,1294.3424301440289
1770073216,1295.3026291490041
1770073217,1295.611210274385
1770073218,1306.6468653324282
1770073219,1310.4128627264106
1770073220,1309.437366185432
1770073221,1309.352299081063
1770073222,1310.1930423344927
1770073223,1310.244332276535
1770073224,1310.178737175119
1770073225,1310.1627518098492
1770073812,1309.647826436715
1770073813,1310.357693534466
1770073814,1313.3566984502568
1770073815,1315.1429433773828
1770073816,1329.4380857441756
1770073817,1328.2645210829141
1770073818,1329.213097210444
1770073819,1329.2581576226685
1770074411,1328.8910827406683
1770074412,1328.9041839015308
1770074413,1331.6841854999643
1770074414,1333.1436482594272
1770074415,1344.3668418154566
1770074416,1346.979537815176
1770074417,1347.92023276344
1770074418,1347.9876945995586
1770075010,1347.6477050495917
1770075011,1347.6477050495917
1770075012,1347.6337152968629
1770075013,1358.0395290111876
1770075014,1357.9259048244292
1770075015,1358.0918119833125
1770075016,1359.7020939070273
1770075017,1361.6580178252777
1770075018,1363.8399356172702
1770075019,1362.7337230901624
1770075020,1362.6617147110055
1770075021,1366.745489693998
1770075022,1366.745489693998
1770075023,1367.756368503222
1770075024,1368.056534340701
1770075025,1367.4170331710527
1770075611,1367.4070829222965
1770075613,1367.2771266430864
1770075614,1367.465186344579
1770075615,1367.4452858470665
1770075616,1367.4353355983103
1770075617,1367.6637587001921
1770075618,1367.7292460781173
1770075619,1367.7292460781173
1770075620,1367.83353233912
1770075621,1367.7528642509892
1770075622,1367.907922294107
1770075624,1368.1255839856494
1770075626,1368.4730911133934
1770075627,1373.4133896208562
1770075628,1373.4317265078498
1770075629,1374.1289546528392
1770075631,1374.9347530418465
1770075632,1374.3335156391167
1770075633,1374.2335608675203
1770075634,1374.223610618764
1770075635,1374.7086852456298
1770075636,1374.865731340457
1770075637,1374.8052683492904
1770075638,1374.807868982488
1770075640,1373.9357278566154
1770075641,1373.9357278566154
1770075643,1373.83220283956
1770075644,1374.0202625410527
1770075645,1374.3303786272882
1770075646,1374.320428378532
1770075647,1374.2027176126335
1770075648,1373.6977424882555
1770076211,1373.6877922394992
1770076212,1373.8149258024537
1770076213,1374.0920630850485
1770076214,1373.9821110139026
1770076215,1378.004339771592
1770076216,1379.609648614072
1770076217,1377.9745705656348
1770076218,1377.3619899157247
1770076219,1377.2989494135377
1770076811,1376.7840240404034
1770076813,1377.8160514035876
1770076815,1378.0041111050803
1770076816,1377.9281575395744
1770076817,1377.588205097283
1770076818,1377.588205097283
1770076819,1377.5683045997705
1770076820,1377.6725908607732
1770076821,1377.5212049332679
1770076822,1377.6762629763857
1770076823,1377.3409713494143
1770076824,1377.6884784771582
1770076825,1380.252657581636
1770076826,1380.2709944686296
1770076827,1381.3064252176202
1770076829,1381.9152560633913
1770076830,1381.2169714292859
1770076831,1380.7669990688657
1770076832,1380.7901795539608
1770076833,1379.9180384280883
1770076834,1379.8766151098966
1770076836,1379.8763712312507
1770076837,1379.664420949216
1770076838,1378.892893968734
1770076839,1379.1930598062131
1770076840,1379.2111960752227
1770077410,1378.6962707020884
1770077411,1379.6144920951233
1770077412,1379.6354809010934
1770077413,1379.823540602586
1770077414,1379.732922265699
1770077415,1379.6651009946954
1770077416,1379.7734050031086
1770077418,1380.1442431202154
1770077419,1380.147915235828
1770077420,1379.8086739422956
1770077421,1379.3534929507018
1770077422,1379.3534929507018
1770077423,1379.911907228519
1770077424,1380.6925444152562
1770077425,1381.3013752610273
1770077426,1381.3168109033286
1770077427,1381.5701674969837
1770077428,1381.0101896086476
1770077429,1380.9915391739526
1770077430,1379.626254963023
1770077431,1379.626254963023
1770077432,1379.626011084377
1770077434,1379.6505358962152
1770077435,1378.8361702245734
1770077437,1379.140631133458
1770078011,1378.6257057603239
1770078012,1380.0346838959615
1770078013,1380.4882223326088
1770078014,1380.5560422335463
1770078015,1382.261044525921
1770078016,1380.914006232989
1770078017,1379.4698028656842
1770078018,1378.4741324084464
1770078611,1378.2593728727913
1770078612,1379.3161514797566
1770078613,1379.5042111812493
1770078614,1379.2167971602119
1770078615,1378.969035966182
1770078616,1379.3398740832888
1770078617,1379.2827536703162
1770078618,1378.6784506241436
1770078619,1378.4235933316586
1770078620,1379.0339597999707
1770078621,1380.4040208145107
1770078622,1380.1614088569734
1770078623,1378.7399881825677
1770078624,1378.5400786393745
1770078625,1377.345219601232
1770078626,1377.3164112619759
1770078627,1377.4367678125561
1770078628,1376.6489213306797
1770078629,1376.9527927780405
1770078630,1376.9527927780405
1770079211,1376.4378674049062
1770079212,1378.0292231262995
1770079213,1378.9036947432055
1770079214,1378.94004926326
1770079215,1379.0854642982627
1770079216,1379.5642317804643
1770079217,1378.2184444831846
1770079218,1377.6273216658983
1770079812,1377.4095840628338
1770079814,1378.2353510611756
1770079815,1378.413460513912
1770079816,1378.4035102651558
1770079817,1379.2365211263323
1770079818,1379.0186106785711
1770079819,1379.389448795678
1770079820,1379.2144902550478
1770079822,1379.1032510351881
1770079823,1378.763284202684
1770079824,1379.2003780982855
1770079825,1379.2486660701907
1770079826,1379.94589421518
1770079827,1380.6187270847306
1770079828,1379.9838384934988
1770079829,1379.7263758069316
1770079830,1379.2921185219282
1770079831,1379.0692022046383
1770079832,1378.6695565970597
1770079833,1378.3196395157993
1770079835,1378.309689267043
1770079836,1378.5538020365289
1770079837,1377.7659555546525
1770079839,1378.0632938034564
1770080411,1377.5483684303222
1770080412,1378.1255080699618
1770080413,1378.2837170251858
1770080414,1378.9344085107246
1770080415,1378.6733420481658
1770080416,1377.606271386437
1770080417,1377.3916848467134
1770080418,1378.0389355214443
1770080419,1379.4089965359842
1770080420,1378.4108707121122
1770080421,1378.0581546242795
1770080422,1377.0610794976296
1770080423,1377.276202600066
1770080424,1376.6375210080262
1770080425,1377.0032048437495
1770081011,1376.4882794706152
1770081012,1377.23974298637
1770081013,1378.4980230147992
1770081014,1377.5346410620223
1770081015,1378.0038582928614
1770081016,1379.220120601219
1770081017,1377.8239301547026
1770081018,1377.4445004424224
1770081611,1377.7657059414073
1770081612,1378.3555110823693
1770081613,1378.8985798891442
1770081614,1378.6707191926268
1770081615,1378.796524041527
1770081616,1377.4812517793757
1770081617,1377.5331518278842
1770081618,1378.9032128424242
1770081619,1378.615163909599
1770081620,1378.384541865977
1770081621,1377.7164400672782
1770081622,1377.9409904545005
1770081623,1377.746131416358
1770081624,1377.3943414153143
1770082211,1377.384391166558
1770082212,1378.0534002876195
1770082213,1378.0900740616069
1770082214,1378.227172719128
1770082215,1377.433002544361
1770082216,1376.789223830276
1770082217,1376.6959153886028
1770082218,1376.7206907863922
1770082219,1377.3835734071865
1770082220,1376.801663370242
1770082221,1376.9395468573655
1770082222,1376.453822644422
1770082223,1376.6883232804005
1770082224,1376.33840619914
1770082225,1377.0246416883606
1770082811,1376.5097163152263
1770082812,1377.370035552374
1770082813,1376.709623616698
1770082814,1376.4125529645607
1770082815,1375.1325970443063
1770082816,1375.5365931653473
1770082817,1375.3255621824414
1770082818,1374.5259062311611
1770082819,1374.5063438488976
1770082820,1374.444592002071
1770083411,1374.3966758451506
1770083412,1375.4035324519473
1770083413,1375.5816419046837
1770083414,1374.3132408059232
1770083415,1373.5952283043287
1770083416,1372.9822406112155
1770083417,1372.658119499398
1770083418,1372.9567693624126
1770083419,1372.8759655062358
1770083420,1372.9486701647613
1770083421,1372.0952576568711
1770083422,1372.0756952746076
1770083423,1371.434213793126
1770083424,1372.3708255004296
1770084010,1371.8559001272954
1770084011,1372.8795372383504
1770084012,1373.0576466910868
1770084013,1371.914864153023
1770084014,1371.0929736057592
1770084015,1370.8580315817364
1770084016,1369.4531619902998
1770084017,1369.7479528789438
1770084018,1369.344650762077
1770084019,1369.0421568025693
1770084020,1368.7477237951925
1770084021,1368.2710471366752
1770084022,1368.2710471366752
1770084023,1368.0830767942125
1770084024,1367.9432205200278
1770084025,1368.6396974847974
1770084611,1368.124772111663
1770084612,1369.1948516382727
1770084613,1366.6790288457119
1770084614,1366.3570733398403
1770084615,1365.341698823533
1770084616,1365.0746059715511
1770084617,1365.385698450241
1770084618,1364.2872076927952
1770084619,1363.7180184448598
1770084620,1364.3494552777893
1770085211,1364.339505029033
1770085212,1365.4095845556426
1770085213,1363.3457435395799
1770085214,1362.1030818480376
1770085215,1361.2845575106603
1770085216,1361.3869907467786
1770085217,1360.385912454765
1770085218,1360.4938461360466
1770085219,1361.1456042829814
1770085220,1360.9205648116733
1770085221,1360.9010024294098
1770085222,1360.351375563738
1770085223,1361.492686552653
1770085811,1361.4727860551404
1770085812,1362.4642376088473
1770085813,1362.4343868625785
1770085814,1359.8540328241668
1770085815,1359.3490576997888
1770085816,1358.9018020191277
1770085817,1358.9678722283059
1770085818,1358.8606143998013
1770085819,1358.5452335759142
1770085820,1359.5866674322735
1770085821,1359.879417166747
1770085822,1358.810393321604
1770085823,1358.7908309393404
1770085824,1358.6224229791412
1770085825,1359.4154678897235
1770086410,1359.4154678897235
1770086411,1360.4726660092952
1770086412,1357.907222423569
1770086413,1356.6025026016262
1770086414,1356.3645835972852
1770086415,1357.133018159743
1770086416,1355.549044214948
1770086417,1355.5034389700743
1770087010,1355.829255662866
1770087011,1356.3762083991844
1770087012,1356.1132803872058
1770087013,1353.9270344192432
1770087014,1353.6760768923448
1770087015,1353.2987876740747
1770087016,1354.3043539982978
1770087017,1353.2723711177928
1770087018,1353.7170686073564
1770087611,1353.7170686073564
1770087612,1354.2640213436748
1770087614,1354.8811026040396
1770087615,1354.941870194658
1770087616,1354.8790177900144
1770087617,1353.1070283010663
1770087618,1352.5313353373135
1770087619,1352.5313353373135
1770087620,1352.376499759107
1770087621,1352.0224221937176
1770087622,1352.0224221937176
1770087623,1352.2609309080078
1770087624,1352.2509806592516
1770087625,1352.182792189834
1770087626,1351.7190691384242
1770087627,1351.8261592929782
1770087628,1351.6336347362746
1770087629,1352.861246676573
1770087630,1352.4760337040027
1770087631,1352.6348419355722
1770087632,1352.262281660027
1770087633,1352.262281660027
1770087634,1352.2427192777634
1770087635,1352.3630758283437
1770087636,1351.981856922871
1770087637,1352.8151264725584
1770088212,1352.8151264725584
1770088213,1353.969887624426
1770088214,1351.5354245018057
1770088215,1351.3048293670304
1770088216,1350.8571852564023
1770088217,1351.7223130431282
1770088218,1351.2672486216459
1770088219,1351.7461432297923
1770088824,1351.7461432297923
1770088825,1352.9214423295316
1770088826,1350.4401391733625
1770088827,1350.0018576278735
1770088828,1349.1492809472313
1770088829,1350.7997452278776
1770088830,1350.211830514108
1770088831,1349.931405776952
1770089411,1350.704757157305
1770089412,1351.7120332767079
1770089413,1351.6261294624458
1770089414,1349.0933868304587
1770089415,1349.0933868304587
1770089416,1348.7651108128857
1770089417,1348.6472933070083
1770089418,1348.473777947299
1770089419,1348.066868168462
1770089420,1348.9102920745725
1770089421,1348.7691857375705
1770089422,1348.2823889522663
1770089423,1348.2628265700027
1770089424,1348.0019642151103
1770089425,1348.4336404205492
1770090011,1348.4336404205492
1770090012,1349.4443305046116
1770090013,1347.4673803388648
1770090014,1346.7483657066725
1770090015,1346.4784002787626
1770090016,1346.790753196712
1770090017,1346.8637468478066
1770090018,1346.5114937524418
1770090611,1346.847714745379
1770090612,1347.270911262792
1770090614,1347.8688862998872
1770090615,1347.9296538905055
1770090616,1347.909753392993
1770090617,1347.109967157928
1770090618,1345.8920567101668
1770090621,1345.8920567101668
1770090622,1345.5091379705316
1770090623,1345.2692264171872
1770090624,1345.2692264171872
1770090625,1344.8784878025679
1770090626,1345.1439649282179
1770090627,1344.9827570785772
1770090628,1344.9162325583213
1770090629,1344.483811331124
1770090632,1343.8981681186149
1770090633,1345.2090097438222
1770090634,1345.2090097438222
1770090635,1344.4419626264678
1770090636,1343.9369875020898
1770090638,1344.4564082237932
1770090639,1344.0428539854158
1770090640,1344.0428539854158
1770090642,1344.0232916031523
1770090643,1344.0198919348272
1770090645,1343.6386730293545
1770090646,1343.6287227805983
1770090648,1343.9918347569485
1770091211,1343.9918347569485
1770091212,1345.0275460310863
1770091213,1345.0883136217046
1770091214,1342.689567703264
1770091215,1342.1944433251545
1770091216,1340.9321202785516
1770091217,1340.5413816639323
1770091218,1341.1379130065611
1770091219,1340.2005166549857
1770091220,1340.8389494908065
1770091221,1339.9011004219744
1770091222,1339.4775959348408
1770091223,1339.4580335525773
1770091224,1339.1352930882322
1770091225,1339.4896407528938
1770091811,1339.4796905041376
1770091812,1340.6840703904202
1770091813,1337.887831407542
1770091814,1336.8446053363796
1770091815,1336.0951101383766
1770091816,1335.4644645720634
1770091817,1335.3614103984867
1770091818,1335.5500917438214
1770092410,1335.530191246309
1770092411,1336.4651806511365
1770092412,1336.5159979929986
1770092413,1334.19700592088
1770092414,1333.6490788893707
1770092415,1332.5909155995396
1770092416,1332.6163321674935
1770092417,1331.5226935895498
1770092418,1331.2264831523742
1770092419,1330.3880213888226
1770092420,1330.2849672152458
1770092421,1330.3857613835626
1770092422,1330.00454247809
1770092423,1330.6527243330427
1770093012,1330.6427740842864
1770093013,1331.5410949798088
1770093014,1331.5919123216709
1770093015,1329.1844977039386
1770093016,1328.803278798466
1770093017,1327.364157485837
1770093018,1327.498550456051
1770093019,1327.449964412426
1770093020,1326.5961035086116
1770093021,1326.3098433201922
1770093022,1325.5099538785116
1770093023,1325.6138315913965
1770093024,1325.5445291138851
1770093025,1325.3293821545071
1770093026,1325.2022262672765
1770093027,1325.9394226383622
1770093610,1325.929472389606
1770093611,1326.3526689070188
1770093612,1326.4731616812428
1770093613,1323.144942959445
1770093614,1321.6915384528568
1770093615,1320.692688467535
1770093616,1319.1325788501374
1770093617,1318.5924381707869
1770093618,1318.3385326233965
1770094211,1318.528449557898
1770094212,1319.541686942404
1770094213,1317.6797276269072
1770094214,1315.583459508624
1770094215,1314.2555435329468
1770094216,1313.293540164473
1770094217,1311.7123656587512
1770094218,1311.1443378096023
1770094219,1311.1832538684664
1770094220,1311.5614641683187
1770094811,1311.2214973358145
1770094812,1311.6446938532274
1770094813,1312.03781584435
1770094814,1312.0278655955938
1770094815,1309.2618037793095
1770094816,1308.6643742602382
1770094817,1308.435213247122
1770094818,1307.3152574704498
1770094819,1307.2842794932033
1770094820,1307.1547179077838
1770094821,1306.0821473528204
1770094822,1305.4682170045617
1770094823,1305.3020266795909
1770094824,1304.3279287349706
1770094825,1304.308028237458
1770094826,1303.9168590832292
1770094827,1303.8972967009656
1770094828,1303.7808166014631
1770094829,1304.2511143663698
1770094830,1303.9936516798027
1770095410,1303.6536848472986
1770095411,1303.7987926416602
1770095412,1304.1831846975533
1770095413,1301.1838495925404
1770095414,1299.3573093141342
1770095415,1299.209390248678
1770095416,1298.1368196937144
1770095417,1296.7514930321054
1770095418,1296.340423380364
1770095419,1295.87436431485
1770095420,1296.0944758782452
1770096010,1295.754509045741
1770096011,1296.177705563154
1770096012,1296.1537625078677
1770096013,1292.875749364475
1770096014,1291.7148653618
1770096015,1290.5574412966098
1770096016,1289.1137707604023
1770096017,1288.487554149283
1770096018,1288.8023021148813
1770096611,1288.20487259581
1770096612,1288.8648481808477
1770096613,1288.580934416337
1770096614,1285.7440628734305
1770096615,1285.1466333543592
1770096616,1283.8158389138632
1770096617,1283.8125546359522
1770096618,1283.6688979195344
1770096619,1282.6375794375394
1770096620,1281.0720091700305
1770096621,1281.3029864110185
1770096622,1280.8919167592771
1770096623,1280.8723543770136
1770096624,1280.4877358032159
1770096625,1280.7603500049345
1770097211,1280.4203831724303
1770097212,1281.095373879813
1770097213,1277.8180675614017
1770097214,1276.218568111156
1770097215,1275.0871177069441
1770097216,1273.7055857054463
1770097217,1272.8105952667004
1770097218,1272.3981638960454
1770097811,1272.3198183464397
1770097812,1272.1304498734892
1770097813,1270.036997488097
1770097814,1268.2525664685916
1770097815,1267.0064399720918
1770097816,1265.6382118354713
1770097817,1264.9295236424791
1770097818,1264.706851807479
1770097819,1264.6416421415233
1770098412,1264.3016753090192
1770098413,1264.1442679016118
1770098414,1263.9022636372194
1770098415,1262.7690821469414
1770098416,1260.826971272741
1770098417,1260.4690683271517
1770098418,1259.3491125504795
1770098419,1259.3389048477345
1770098420,1258.8514808565792
1770098421,1258.429009878138
1770098422,1257.8201623745842
1770098423,1256.9602436583066
1770098424,1257.0052719438643
1770098425,1256.5942022921229
1770098426,1256.5942022921229
1770098427,1256.9507593128444
1770098428,1256.7758007722143
1770098429,1256.9248915253452
1770099011,1256.584924692841
1770099012,1256.3478060900507
1770099013,1252.8276890581174
1770099014,1251.4185837908033
1770099015,1250.6620917659561
1770099016,1249.2578557931815
1770099017,1249.2812063868294
1770099018,1249.4303244120522
1770099621,1249.2793505579186
1770099622,1248.9393837254145
1770099623,1249.0250885347014
1770099624,1246.5047486581689
1770099625,1245.183687706768
1770099626,1244.2174830159365
1770099627,1243.9600203293694
1770099628,1243.5886711333933
1770099629,1242.4619572326587
1770099630,1241.4435808049384
1770099631,1241.8091176092653
1770099632,1241.0267793008077
1770099633,1241.2612799367862
1770099634,1241.086321396156
1770099635,1241.3175466567147
1770100226,1240.9775798242106
1770100227,1240.694859228057
1770100228,1241.2407014455412
1770100229,1238.4421497121687
1770100230,1237.6967817245206
1770100231,1236.8767272350633
1770100232,1236.7547062212514
1770100233,1236.232033979954
1770100234,1235.113054842901
1770100235,1234.3242523763606
1770100236,1234.3132095660958
1770100237,1233.5308712576382
1770100238,1233.5113088753747
1770100239,1233.679989282861
1770100240,1233.8099432544996
1770100241,1233.8099432544996
1770100812,1233.4699764219954
1770100813,1233.5265162337591
1770100814,1229.9862176780925
1770100815,1230.3495083675027
1770100816,1229.185999620622
1770100817,1227.8215041903288
1770100818,1226.9990021173603
1770100819,1227.1481201425831
1770100820,1227.3168829717938
1770101411,1226.9769161392896
1770101412,1226.5399020754098
1770101413,1224.1016303314973
1770101414,1224.3529582567314
1770101415,1223.623845076126
1770101416,1222.0821441735766
1770101417,1221.8403901938593
1770101418,1221.548156211834
1770101419,1221.5654506918154
1770102012,1221.2254838593112
1770102013,1220.7498964284998
1770102014,1221.2957386459839
1770102015,1219.5030943244246
1770102016,1217.7111978952405
1770102017,1218.1061753887254
1770102018,1218.233082519737
1770102019,1218.3356402554707
1770102020,1216.6987106819738
1770102021,1216.4025741769988
1770102022,1215.7686443237776
1770102023,1216.5012313884542
1770102024,1216.821297723446
1770102025,1216.5733547460254
1770102026,1216.5733547460254
1770102027,1216.5634044972692
1770102028,1215.9147726564731
1770102029,1215.9147726564731
1770102032,1215.9147726564731
1770102034,1216.2584116045896
1770102036,1216.0834530639595
1770102038,1216.0834530639595
1770102039,1216.2530276050472
1770102040,1216.2530276050472
1770102610,1215.913060772543
1770102611,1215.3346110299142
1770102612,1213.2950170209488
1770102613,1212.5082287401306
1770102614,1211.686995620017
1770102615,1209.6633952439213
1770102616,1209.2602848855192
1770102617,1209.6039238336357
1770102618,1209.4001185628013
1770103212,1209.060151730297
1770103213,1208.895222908463
1770103214,1205.6711225052277
1770103215,1205.6775542482026
1770103216,1204.4039915063563
1770103217,1202.569981671079
1770103218,1202.4398400479877
1770103219,1202.7834789961041
1770103220,1202.712376176867
1770103822,1202.372409344363
1770103823,1201.626472362605
1770103824,1202.4316133244624
1770103825,1202.4216630757062
1770103826,1199.893315749498
1770103827,1199.333337861162
1770103828,1199.2783222985809
1770103829,1199.8359508226272
1770103830,1199.4447816683983
1770103831,1198.957357677243
1770103832,1198.3816647134902
1770103833,1198.10873249956
1770103834,1197.3954674295612
1770103835,1197.9049332583124
1770103836,1197.728237788294
1770103837,1197.0696556987418
1770103838,1197.0696556987418
1770103839,1197.4132946468583
1770103840,1197.0733278143541
1770103841,1197.1510179351785
1770104410,1196.8110511026744
1770104411,1196.1157678291197
1770104412,1196.580941958473
1770104413,1193.9733055374038
1770104414,1195.0814908015593
1770104415,1194.6903216473304
1770104416,1194.2021119024043
1770104417,1193.3358017122835
1770104418,1192.80942190663
1770104419,1192.0138509264057
1770104420,1192.0138509264057
1770104421,1192.1495296755172
1770104422,1192.164988097692
1770105012,1191.8250212651878
1770105013,1191.2133668933689
1770105014,1191.759209110853
1770105015,1190.4051296670352
1770105016,1189.0394975103582
1770105017,1189.0426457901233
1770105018,1190.1778033357286
1770105019,1189.5391217436888
1770105020,1188.9855457796652
1770105021,1187.7539167510445
1770105022,1187.7564987776204
1770105023,1187.4937717152577
1770105024,1187.298749514434
1770105025,1186.5164112059763
1770105026,1186.9335412420703
1770105027,1187.0692199911819
1770105028,1187.2374786976495
1770105612,1187.547594783885
1770105613,1187.4682415500542
1770105614,1188.0140837675383
1770105615,1187.7142292125104
1770105616,1186.366148189056
1770105617,1186.3692964688212
1770105618,1188.6595120575441
1770105619,1188.0208304655043
1770105620,1187.4420679076372
1770105621,1188.7408115691373
1770105622,1188.5590266950583
1770105623,1189.857492698375
1770105624,1189.2117123833602
1770105625,1188.9442994480369
1770105626,1189.7147748023576
1770105627,1189.5068146033527
1770105628,1189.9383518854954
1770105629,1189.9284016367392
1770106212,1191.3935757660925
1770106213,1191.5277438768496
1770106214,1191.4829420548722
1770106215,1193.0664102450569
1770106216,1191.863693669206
1770106217,1192.1723875794623
1770106218,1192.3039183036099
1770106219,1192.4520717938617
1770106220,1192.32997261235
1770106811,1196.0853623304263
1770106812,1196.1904402048317
1770106813,1196.4486013240669
1770106814,1198.9246410389126
1770106815,1198.7451550149262
1770106816,1198.4444715960044
1770106817,1197.3913534410783
1770106818,1197.9538685963942
1770107411,1199.840629759134
1770107412,1199.564873707929
1770107413,1199.935757384783
1770107414,1199.656687218374
1770107415,1201.035957533465
1770107416,1203.0929259381946
1770107417,1202.4542443461548
1770107418,1202.0970688356333
1770107419,1202.6871891475355
1770107420,1202.1499379037546
1770107421,1203.1237592730984
1770107422,1203.0180730151226
1770107423,1203.5419731224292
1770107424,1203.8856120705457
1770107425,1203.6776518715408
1770107426,1204.1061949615134
1770108011,1205.5614188421105
1770108013,1205.2654542207727
1770108015,1205.0904956801426
1770108016,1205.565620058252
1770108017,1205.2340398639853
1770108018,1204.4815523017962
1770108019,1205.2767430148974
1770108020,1205.716815380343
1770108021,1205.7917265388362
1770108022,1206.166795637786
1770108023,1206.166795637786
1770108024,1207.1468951402735
1770108025,1206.51816379699
1770108026,1206.479094437903
1770108027,1206.479094437903
1770108030,1206.0251096271086
1770108032,1206.773026613949
1770108033,1205.9982131811132
1770108034,1206.2753276089738
1770108035,1206.5953939439655
1770108036,1206.8329561330202
1770108037,1206.5829088979312
1770108038,1206.5829088979312
1770108039,1206.8930249841667
1770108041,1206.8731244866542
1770108042,1206.8731244866542
1770108043,1207.950287690244
1770108044,1208.2939266383605
1770108047,1208.0859664393556
1770108048,1208.5402645281995
1770108049,1208.5402645281995
1770108050,1208.5303142794432
1770108625,1209.9954884087965
1770108626,1210.0260424836604
1770108627,1212.6192974730811
1770108628,1213.5063727177726
1770108629,1213.9075409229627
1770108630,1213.3799911717188
1770108631,1212.3465539552851
1770108632,1213.6952850895298
1770109210,1215.5319799933889
1770109211,1215.5319799933889
1770109212,1215.2088507416881
1770109213,1215.033892201058
1770109214,1215.4760149207927
1770109215,1214.8649391076585
1770109216,1214.0629490579072
1770109217,1215.1881563547563
1770109218,1215.1541122893689
1770109219,1215.6100678059038
1770109220,1216.7316029871404
1770109221,1216.0812048299972
1770109222,1216.0812048299972
1770109223,1215.6485010543547
1770109225,1216.3809864638458
1770109226,1215.5433206263665
1770109227,1215.8795820276932
1770109228,1215.562043506706
1770109229,1215.1922259279331
1770109230,1216.6091120853812
1770109231,1216.9527510334976
1770109232,1216.7447908344927
1770109233,1216.8158446562927
1770109234,1217.1359109912844
1770109811,1218.5911348718814
1770109812,1218.36684395533
1770109813,1218.737727632184
1770109814,1218.4334867675418
1770109815,1219.0086202040009
1770109816,1219.9887197064884
1770109817,1218.8151227688822
1770109818,1219.6072708027514
1770109819,1218.7810756913518
1770109820,1219.0664975404395
1770109821,1219.0943394815279
1770109822,1220.4626937884248
1770109823,1220.5983725375363
1770109824,1221.0849331338943
1770110412,1222.5401570144913
1770110413,1222.3217752391574
1770110414,1222.1125556649372
1770110415,1222.653643588817
1770110416,1222.7911611133702
1770110417,1222.239143155685
1770110418,1222.1451983867757
1770110419,1224.0774879195044
1770110420,1224.7055307190108
1770111011,1226.1607545996078
1770111012,1225.7386463906528
1770111013,1225.3223307192543
1770111014,1225.7775545998513
1770111015,1225.8338117755115
1770111016,1226.9859554688098
1770111017,1226.153679531246
1770111018,1225.6197553355933
1770111019,1226.2616390659798
1770111020,1225.85084658643
1770111021,1225.0929739607852
1770111022,1225.7352072388394
1770111023,1227.5539705650654
1770111024,1227.3460103660605
1770111025,1227.8693679371793
1770111610,1229.3245918177763
1770111611,1229.1017276440214
1770111612,1229.6335146696179
1770111613,1229.4951751414628
1770111614,1229.7323028023352
1770111615,1229.8753012278662
1770111616,1228.718899930682
1770111617,1231.5484462663742
1770111618,1231.8814427691798
1770112211,1233.3366666497768
1770112212,1233.3366666497768
1770112213,1233.612312886877
1770112214,1236.209814251279
1770112215,1238.578879073195
1770112216,1239.2336764550214
1770112217,1242.2410913989006
1770112218,1244.0425422551364
1770112219,1244.956786821777
1770112812,1246.4120107023741
1770112813,1246.1252723511197
1770112814,1245.9503138104897
1770112815,1259.3442413403282
1770112816,1260.789514972169
1770112817,1260.7034070502402
1770112818,1260.4159255388781
1770112819,1264.4976597250898
1770112820,1263.717750447946
1770112821,1263.2358792000518
1770112822,1263.0844932725465
1770112823,1263.7043626755315
1770112824,1266.1188561422637
1770112825,1266.1244617231746
1770112826,1265.8244969008217
1770112827,1266.4642300532416
1770112828,1267.1919639328632
1770112829,1268.330461727292
1770112830,1268.277559571405
1770112831,1268.8644637601387
1770112832,1268.8545135113825
1770113411,1270.3196876407358
1770113412,1269.9790406882325
1770113413,1271.67311282264
1770113414,1274.3747220521475
1770113415,1273.0861834257246
1770113416,1275.0625701638617
1770113417,1275.4847286165736
1770113418,1277.346379377952
1770113419,1277.8941513874697
1770114011,1279.3493752680668
1770114012,1279.1406098581685
1770114013,1279.7630635239057
1770114014,1281.2872375256916
1770114015,1280.8422124371195
1770114016,1283.562628215371
1770114017,1282.7827189382272
1770114018,1282.400836205363
1770114019,1282.4378351188416
1770114020,1283.708150210052
1770114021,1283.510630379978
1770114022,1283.510630379978
1770114023,1285.0414952213323
1770114024,1285.3163668180414
1770114611,1287.09165703363
1770114612,1286.9906677272882
1770114613,1287.2672609516426
1770114614,1287.3845683540246
1770114615,1288.2358121351192
1770114616,1287.9530526416486
1770114617,1292.295677751394
1770114618,1291.768217501791
1770114619,1291.9133708558995
1770114620,1296.8181898425898
1770114621,1296.7992487354534
1770114622,1296.8192350386248
1770114623,1297.5372625481361
1770114624,1298.5996026693922
1770114625,1298.480175993249
1770114626,1298.7902920794845
1770115211,1300.2554662088378
1770115212,1299.9795183618658
1770115213,1301.7464906193857
1770115214,1306.2629097821832
1770115215,1304.9214511673708
1770115216,1311.586388788335
1770115217,1310.962391658127
1770115218,1312.456921279081
1770115219,1312.2569986234516
1770115810,1313.7122225040487
1770115811,1313.6339929621033
1770115812,1314.8617468260131
1770115813,1314.5261966687444
1770115814,1317.9781483492652
1770115815,1323.437467935781
1770115816,1325.8079840554478
1770115817,1326.9945987058004
1770115818,1326.8586042119316
1770116410,1328.3138280925286
1770116411,1328.2583583149797
1770116412,1328.9734947539969
1770116413,1328.8223246305881
1770116414,1329.6281911314175
1770116415,1329.181569332871
1770116416,1333.3941315219256
1770116417,1332.534386131232
1770116418,1332.8037668396303
1770116419,1339.836852785047
1770116420,1341.1071678762576
1770116421,1340.5160848299506
1770116422,1339.9187558184426
1770116423,1341.7026994803032
1770116424,1341.4947392812983
1770116425,1341.565160982317
1770117011,1343.020384862914
1770117012,1342.8009394542983
1770117013,1343.2256115483735
1770117014,1344.2004404102533
1770117015,1344.2984029783652
1770117016,1347.6386704846773
1770117017,1346.8587612075335
1770117018,1346.308197520263
1770117019,1346.4533943930421
1770117020,1355.4362445826584
1770117021,1355.307648716843
1770117022,1355.1759318157233
1770117023,1355.495998150715
1770117024,1356.6625540352597
1770117025,1356.236820303628
1770117026,1356.5469363898635
1770117611,1358.0121105192168
1770117612,1357.9676236512312
1770117613,1358.1164397277626
1770117614,1359.4715082290998
1770117615,1362.927456429275
1770117616,1371.0474338744614
1770117617,1371.0491552275353
1770117618,1372.6169066775497
1770117619,1372.4558095023613
1770118212,1373.9110333829583
1770118213,1373.7031001807525
1770118214,1374.1277722748277
1770118215,1376.2051612594546
1770118216,1375.3940541488091
1770118217,1379.6066163378637
1770118218,1378.2505068700455
1770118219,1378.4135743895906
1770118220,1385.3318705492418
1770118221,1386.9536821262773
1770118222,1386.6324181702657
1770118223,1387.1468509085353
1770118224,1388.1579420692728
1770118225,1387.691338114258
1770118811,1389.4666283298468
1770118812,1389.8013228978807
1770118813,1391.47579093378
1770118814,1394.217719449098
1770118815,1393.7110778138594
1770118816,1401.2793223470076
1770118817,1401.0733241211847
1770118818,1401.7576947723799
1770119411,1403.68558022076
1770119412,1403.477647018554
1770119413,1406.3600715788784
1770119414,1409.5194068469825
1770119415,1408.164618153556
1770119416,1416.921922702494
1770119417,1417.0477856158022
1770119418,1417.920894272724
1770119419,1417.7700724377282
1770120011,1419.2352465670815
1770120013,1419.2352465670815
1770120014,1419.0871498414076
1770120016,1418.9121913007775
1770120017,1419.7122817575844
1770120018,1419.3211126033555
1770120019,1419.657921879624
1770120020,1422.113145760221
1770120021,1421.7632286789606
1770120022,1421.7632286789606
1770120023,1421.4038491062358
1770120024,1420.9149776739237
1770120025,1420.9149776739237
1770120026,1424.6572662311376
1770120027,1423.781022450043
1770120029,1423.7767950322188
1770120030,1423.7767950322188
1770120031,1424.3938860037874
1770120032,1423.5689336228352
1770120033,1424.5390828765665
1770120034,1428.9404935447446
1770120035,1432.8218832992688
1770120036,1433.4620159692522
1770120037,1434.7338210065657
1770120038,1434.53041276044
1770120039,1434.5204625116837
1770120040,1434.6831214392682
1770120041,1434.6831214392682
1770120042,1435.0128941443702
1770120043,1435.4619645816574
1770120045,1435.2540043826525
1770120046,1434.9793875224323
1770120047,1435.299453857424
1770120612,1436.754677738021
1770120613,1436.8156232333606
1770120614,1439.1688487555473
1770120615,1442.7592301817494
1770120616,1443.0171789057367
1770120617,1454.120279321771
1770120618,1454.4613798204662
1770120619,1454.3661531833766
1770121212,1456.1414433989653
1770121213,1455.7895382659956
1770121214,1456.4667231613241
1770121215,1458.6280830286541
1770121216,1461.8572924593561
1770121217,1461.8888413019695
1770121218,1463.1886185560927
1770121219,1467.1098292399615
1770121220,1476.5571439484704
1770121221,1476.302354086634
1770121222,1476.5641822009643
1770121223,1476.857400320891
1770121224,1476.8692073283871
1770121810,1478.3244312089842
1770121811,1478.3244312089842
1770121812,1477.8275690429978
1770121813,1477.7845116870974
1770121814,1479.9458715544274
1770121815,1479.5021370496934
1770121816,1481.6173940977862
1770121817,1482.3285413512904
1770121818,1482.676790579074
1770121819,1487.9907831163873
1770121820,1495.926320783855
1770121821,1495.3648546104487
1770121822,1495.769025674321
1770121823,1496.5902703282443
1770121824,1496.230924201734
1770121825,1496.6272113742855
1770122411,1498.0824352548825
1770122412,1497.953679035977
1770122414,1497.778720495347
1770122415,1497.2525445568576
1770122416,1497.488753092344
1770122417,1499.943976972941
1770122418,1499.604010140437
1770122420,1499.6047356794088
1770122421,1499.2139970647895
1770122423,1499.7253735158674
1770122424,1499.7253735158674
1770122425,1498.9408004462562
1770122426,1499.7160620691761
1770122428,1499.426867018787
1770122430,1500.045605903549
1770122431,1503.2063213138392
1770122432,1508.6637066716942
1770122433,1508.9837730066859
1770122434,1512.9340217629046
1770122436,1512.4054792825466
1770122437,1512.8316514520022
1770122439,1512.8316514520022
1770122440,1513.151717786994
1770122442,1513.6528961059255
1770122443,1513.4449359069206
1770122444,1513.283599730659
1770122445,1513.283599730659
1770122446,1513.74750995301
1770122447,1513.7375597042537
1770122448,1514.2226343311195
1770123010,1515.202733833607
1770123011,1515.15095049677
1770123012,1517.215627117878
1770123013,1516.339817503161
1770123014,1516.9054264502952
1770123015,1520.9498923797573
1770123016,1525.7549333702486
1770123017,1526.6831810208844
1770123018,1526.9403390232803
1770123611,1528.715629238869
1770123612,1528.5307204494827
1770123613,1528.0045445109934
1770123614,1531.194466527644
1770123615,1530.312589575197
1770123616,1530.47354841735
1770123617,1529.6829384590117
1770123618,1530.3192112859103
1770123619,1530.6384393215562
1770123620,1535.9875341253153
1770123621,1537.2906354342467
1770123622,1537.421121477372
1770123623,1537.421121477372
1770123624,1538.2423661312953
1770123625,1537.8730697560288
1770123626,1538.2826645254036
1770124210,1539.7378884060006
1770124211,1539.7378884060006
1770124212,1539.9169222446278
1770124213,1541.9154045254263
1770124214,1542.1403126689702
1770124215,1547.392048031461
1770124216,1549.6051553363484
1770124217,1550.808569948561
1770124218,1550.8503170613558
1770124811,1552.3055409419528
1770124812,1552.4703053551807
1770124813,1551.8929270949668
1770124814,1555.3769830058884
1770124815,1554.4234110863083
1770124816,1554.8985354644178
1770124817,1554.5014495681355
1770124818,1555.333561358118
1770124819,1559.6168102271408
1770124820,1560.4651368997884
1770124821,1560.1756018363255
1770124822,1560.4956681713172
1770124823,1560.5387684593506
1770124824,1560.717549876938
1770125411,1562.172773757535
1770125412,1562.1625796301328
1770125413,1561.760159910549
1770125414,1564.963191626967
1770125415,1564.4558161018006
1770125416,1564.93094047991
1770125417,1564.1424333116095
1770125418,1564.4121913326499
1770125419,1565.540681451613
1770125420,1570.3847752939953
1770125421,1570.3356166926417
1770125422,1570.1897601169344
1770125423,1570.509826451926
1770125424,1571.0110047708577
1770125425,1571.155589554767
1770126011,1572.610813435364
1770126012,1572.4966224853522
1770126013,1575.5028774484922
1770126014,1575.5179448557224
1770126015,1575.0511130033642
1770126016,1580.3513569403349
1770126017,1580.4012033141055
1770126018,1580.8423989378177
1770126019,1580.662650549114
1770126611,1582.117874429711
1770126612,1581.871087530872
1770126613,1584.6791182472803
1770126614,1583.8116376104172
1770126615,1583.5856121512181
1770126616,1584.9581388564236
1770126617,1589.3784466813622
1770126618,1589.425050028264
1770126619,1589.9262283471955
1770126620,1589.4738684758502
1770127211,1590.4539679783377
1770127212,1590.4539679783377
1770127213,1590.3540132067412
1770127215,1590.014046374237
1770127216,1589.8690893412204
1770127217,1589.6116266546533
1770127218,1590.0148497863067
1770127219,1592.9650985425258
1770127220,1592.6251317100216
1770127221,1592.9451980450133
1770127222,1592.7230942781334
1770127224,1592.1577502664843
1770127225,1592.147800017728
1770127226,1592.474416933151
1770127228,1592.474416933151
1770127229,1591.6859097648503
1770127230,1591.6859097648503
1770127232,1592.2470423259829
1770127233,1592.2370920772266
1770127235,1592.1100391697212
1770127236,1595.057705899364
1770127237,1596.0490559672066
1770127238,1596.5241803453162
1770127239,1596.5241803453162
1770127240,1596.8442466803078
1770127241,1596.8442466803078
1770127242,1596.377487363942
1770127243,1595.9975687750682
1770127244,1596.2516317933103
1770127245,1596.2516317933103
1770127246,1596.2516317933103
1770127248,1596.2516317933103
1770127252,1596.5964864673088
1770127253,1596.4451005398034
1770127254,1596.1876378532363
1770127256,1596.123609256723
1770127257,1596.123609256723
1770127810,1598.5887833860763
1770127811,1598.5014855005043
1770127812,1598.0990657809205
1770127813,1599.82945466487
1770127814,1600.5489740305661
1770127815,1600.8373559108443
1770127816,1605.4837674886794
1770127817,1605.8105563438264
1770127818,1605.7986702853968
1770128412,1605.7887200366406
1770128413,1605.6887652650441
1770128414,1607.1125492265087
1770128415,1606.5611420348248
1770128416,1607.1136734951701
1770128417,1607.590136442012
1770128418,1607.483198603731
1770128419,1612.4682617305841
1770128420,1612.5679346622221
1770128421,1612.5679346622221
1770128422,1612.8135112903597
1770129012,1612.5252989905143
1770129014,1612.4253442189179
1770129015,1612.647479083211
1770129016,1613.9476449206902
1770129017,1613.6283041246704
1770129018,1613.0549416686579
1770129019,1613.9444228342584
1770129020,1613.9520474331573
1770129021,1614.4696025148914
1770129022,1614.3726981478378
1770129023,1618.8957660648696
1770129024,1619.205882151105
1770129025,1618.8513815061815
1770129026,1619.415560610659
1770129027,1619.415560610659
1770129029,1619.968846811235
1770129030,1619.5669718757779
1770129611,1619.5669718757779
1770129612,1619.196054883359
1770129613,1622.082297020086
1770129614,1622.668599167358
1770129615,1623.0468191784137
1770129616,1630.866285284519
1770129617,1631.046014912063
1770129618,1631.5993011126388
1770130212,1631.1888925019393
1770130213,1631.116081951517
1770130214,1634.3964898592772
1770130215,1634.1915862242988
1770130216,1634.4205106590573
1770130217,1640.8682266899411
1770130218,1645.1518615168195
1770130219,1646.3155543309442
1770130812,1645.8717962306891
1770130814,1645.7584079482208
1770130815,1646.090845516003
1770130816,1649.051044520978
1770130817,1648.5042152577307
1770130818,1648.415061028875
1770130819,1648.9874905479462
1770130820,1649.007182507311
1770130821,1649.5650664621496
1770130822,1650.6427356558636
1770130823,1654.6206309893228
1770130824,1659.3048964436603
1770130825,1659.1765397918643
1770130826,1660.184741209021
1770130827,1660.184741209021
1770130829,1661.3484340231457
1770130830,1660.937954906126
1770131410,1660.937954906126
1770131411,1660.937954906126
1770131413,1660.719573130792
1770131414,1660.6196183591956
1770131415,1660.3621556726284
1770131416,1661.0942992750288
1770131418,1664.0544982800038
1770131420,1663.8922326849024
1770131421,1663.5769227480998
1770131422,1664.2818801041765
1770131423,1664.2818801041765
1770131425,1664.291621814785
1770131426,1664.1069569040446
1770131427,1665.0045522605951
1770131428,1665.0653198512134
1770131430,1666.0721879830817
1770131431,1670.0739954740714
1770131432,1671.0441447278026
1770131433,1674.7468810462105
1770131434,1674.5527354948974
1770131435,1674.6543401476897
1770131437,1674.6378684521135
1770131440,1674.6378684521135
1770131443,1676.1663164377492
1770131445,1675.7391978291118
1770132011,1675.7391978291118
1770132012,1675.531237630107
1770132013,1678.3537184015927
1770132014,1678.1826231058706
1770132015,1679.4596526489224
1770132016,1683.4883653242437
1770132017,1689.0403420538455
1770132018,1690.2683582800764
1770132019,1689.8329199256302
1770132612,1689.8329199256302
1770132613,1689.6466594472004
1770132614,1689.2849560593777
1770132615,1692.9447412244613
1770132616,1692.7226374575814
1770132617,1693.6388701960266
1770132618,1693.6487904741539
1770132619,1694.389337954711
1770132620,1695.5870351580052
1770132621,1700.5363614551727
1770132622,1705.2291475248244
1770132623,1705.1291001426875
1770132624,1705.140875873221
1770132625,1707.2573985231293
1770132626,1706.8485499090568
1770133211,1706.8135351096362
1770133213,1706.6272746312063
1770133214,1707.8926633580304
1770133215,1707.6705595911505
1770133216,1708.7207918508627
1770133217,1709.2255584370932
1770133218,1710.3323332946788
1770133219,1714.3017080128238
1770133220,1719.1988826335476
1770133221,1719.0176125135592
1770133222,1720.441696774129
1770133223,1719.9854590551608
1770133811,1719.9854590551608
1770133812,1720.063906105623
1770133813,1719.1395694798566
1770133814,1719.4287062333651
1770133815,1720.5734093459357
1770133816,1723.7442986891924
1770133817,1728.2095963631457
1770133818,1728.7067173033458
1770134412,1728.5583101793022
1770134413,1728.523632819831
1770134414,1728.2090746582578
1770134415,1727.703503584134
1770134416,1727.8486113784957
1770134417,1728.5791853991489
1770134418,1729.0839519853794
1770134419,1729.4632650972394
1770134420,1729.7162857084688
1770134421,1732.0430557161758
1770134422,1735.8086395616542
1770134423,1735.796150283905
1770134424,1735.796150283905
1770134425,1736.0684417779382
1770134426,1735.6595931638658
1770135012,1735.9158747809902
1770135013,1735.9158747809902
1770135014,1735.1196156007009
1770135015,1736.155868678745
1770135016,1736.6678079842138
1770135017,1737.5380108033812
1770135018,1743.954995544082
1770135019,1743.5314201165243
1770135020,1743.7138610440488
1770135611,1743.7138610440488
1770135612,1743.2910284212962
1770135613,1742.2344317889754
1770135614,1743.4606441614565
1770135615,1744.5393815268794
1770135616,1748.3842297569997
1770135617,1751.9787595741182
1770135618,1751.8137022814228
1770135619,1751.5239607682652
1770136212,1751.5239607682652
1770136213,1751.0229826047748
1770136214,1751.0130323560186
1770136215,1750.7456194206952
1770136216,1750.8444802960225
1770136217,1750.9245345701067
1770136218,1752.0706926685036
1770136219,1751.964931153498
1770136220,1752.4500057803637
1770136221,1753.0224481255748
1770136222,1754.173471853091
1770136223,1754.1910229863138
1770136224,1753.4351905346957
1770136225,1757.6329517287256
1770136226,1757.5268099636833
1770136227,1757.5771061020391
1770136228,1757.0156807725461
1770136229,1757.4513040145705
1770136230,1757.4413537658143
1770136231,1757.7033485131078
1770136811,1757.7033485131078
1770136812,1757.2562942783609
1770136813,1756.839464059058
1770136814,1758.1862042273426
1770136815,1758.5430854896936
1770136816,1760.993322594787
1770136817,1759.7342524647881
1770136818,1763.8491245330183
1770136819,1764.618018025769
1770136820,1764.6080677770128
1770137411,1765.07123864832
1770137412,1764.6152588896068
1770137413,1764.5382629170883
1770137414,1764.688982395186
1770137415,1766.4087915619127
1770137416,1768.0885853124446
1770137417,1767.1415401254287
1770137418,1772.1166198761769
1770137419,1771.9241989458847
1770137420,1772.170286435607
1770138013,1772.170286435607
1770138014,1771.7412890752423
1770138016,1771.731338826486
1770138017,1771.6642931027238
1770138019,1771.492163616259
1770138021,1771.7522269360238
1770138022,1773.2389238860562
1770138023,1773.1556366186894
1770138024,1773.6407112455552
1770138025,1773.4036319362194
1770138026,1774.0103889098516
1770138027,1775.210499468171
1770138029,1775.699063435664
1770138030,1774.1364253849083
1770138031,1778.086674141127
1770138032,1777.9020092303867
1770138033,1778.9001387128449
1770138034,1779.1377009018995
1770138035,1779.1377009018995
1770138036,1778.5579669187541
1770138037,1778.8474569685054
1770138038,1778.8375067197492
1770138040,1779.1369999545766
1770138611,1779.1369999545766
1770138612,1778.7713893640664
1770138613,1778.577392894716
1770138614,1780.2926800950777
1770138615,1782.6770704287485
1770138616,1785.458414253763
1770138617,1785.8560877492764
1770138618,1785.4922704720263
1770139212,1785.7668784448208
1770139213,1785.3279308356998
1770139214,1785.1701014885264
1770139215,1785.1601512397701
1770139216,1786.8271504682266
1770139217,1786.9816072292558
1770139218,1788.830769824687
1770139219,1788.8682886790054
1770139220,1791.616275364284
1770139221,1791.9943363018324
1770139222,1791.349334220605
1770139223,1791.3813615837892
1770139224,1791.674553742653
1770139826,1791.674553742653
1770139827,1791.3340159553986
1770139828,1791.2198250053868
1770139829,1791.2807263808625
1770139830,1792.0258643274929
1770139831,1793.0391530039365
1770139832,1793.2903375573599
1770139833,1795.05625272626
1770139834,1795.1330675616427
1770139835,1797.734497109184
1770139836,1798.0039828715594
1770139837,1798.241545060614
1770139838,1798.0205597095915
1770139839,1797.5881384823942
1770140427,1798.0126404451544
1770140428,1797.6522021603876
1770140429,1798.453799591987
1770140430,1799.8092893003084
1770140431,1802.0337343001427
1770140432,1804.1087002476675
1770140433,1805.4816741932339
1770140434,1804.8432697733856
1770141013,1805.2564177089216
1770141014,1805.167263480066
1770141015,1804.8862281803738
1770141016,1804.8762779316176
1770141017,1805.054387384354
1770141018,1804.927065302851
1770141021,1804.9071648053384
1770141022,1805.0772236022628
1770141023,1805.8488915781727
1770141026,1806.7560771415838
1770141027,1806.9908426205475
1770141028,1806.9908426205475
1770141029,1807.725347949179
1770141030,1808.8154529795825
1770141032,1809.2394429199903
1770141033,1809.0063828681368
1770141034,1807.7904491140885
1770141035,1811.2456729946855
1770141036,1811.2456729946855
1770141037,1812.0630318743317
1770141038,1812.0630318743317
1770141040,1812.668576071156
1770141041,1812.668576071156
1770141042,1812.1580388695236
1770141043,1812.586266154153
1770141045,1812.3288034675859
1770141046,1812.1538449269558
1770141047,1812.6117662906017
1770141612,1812.6117662906017
1770141614,1812.3783361440373
1770141615,1812.5464953480175
1770141616,1811.9393313475152
1770141617,1811.929381098759
1770141618,1812.0994398956834
1770141619,1812.7825244727978
1770141621,1813.6376021545645
1770141622,1813.8396093599172
1770141623,1813.83641441652
1770141625,1815.4130923641374
1770141626,1813.9310140463112
1770141627,1814.461090934597
1770141628,1815.2923941769368
1770141629,1815.472959409741
1770141630,1815.472959409741
1770141631,1814.9512980536003
1770141632,1815.1689597451427
1770141633,1814.9940012045126
1770141634,1815.420344066474
1770142211,1815.420344066474
1770142212,1815.1718457131701
1770142213,1814.7743597471544
1770142214,1816.1157192000016
1770142215,1817.054094230078
1770142216,1818.1043672390003
1770142217,1819.9628583750145
1770142218,1820.0290294031133
1770142811,1820.073220839096
1770142812,1820.02366860029
1770142813,1819.8746311787022
1770142814,1819.977097937749
1770142815,1820.1471567346734
1770142816,1821.0012789805867
1770142817,1822.7111205772012
1770142818,1823.4564461471537
1770142819,1823.9171194766639
1770142820,1822.7230985847252
1770142821,1823.512568738984
1770142822,1825.377634643229
1770142823,1825.3202987653228
1770142824,1825.3967306524667
1770143411,1825.3967306524667
1770143412,1825.1684892507794
1770143413,1825.1585390020232
1770143414,1825.388756336404
1770143415,1825.1476540135761
1770143416,1825.2277082876603
1770143417,1825.9353443497741
1770143418,1825.819317341956
1770143419,1827.5291589385706
1770143420,1827.8601277210319
1770143421,1828.4159201872721
1770143422,1828.6669234129024
1770143423,1827.1710699209461
1770143424,1827.3591296224388
1770143425,1828.216130333171
1770143426,1830.1326273933246
1770143427,1830.1326273933246
1770143428,1829.8025399753517
1770143429,1829.5450772887846
1770143430,1829.3701187481545
1770144011,1829.8990008861372
1770144012,1829.8098466572815
1770144013,1829.748283529173
1770144014,1830.616028139455
1770144015,1835.121060449171
1770144016,1836.285480109113
1770144017,1835.4050204119974
1770144018,1836.4931249298938
1770144019,1836.5844555606195
1770144612,1836.5844555606195
1770144613,1836.4235688178626
1770144614,1836.547690613676
1770144615,1837.0765206775484
1770144616,1841.9693597281823
1770144617,1843.176413971617
1770144618,1842.5499619494642
1770144619,1843.755606167337
1770144620,1843.7980895351166
1770145212,1843.7980895351166
1770145213,1843.5679490610164
1770145214,1843.6001564451483
1770145215,1843.5302194758597
1770145216,1843.700278272784
1770145217,1844.600195164299
1770145218,1849.1684346851096
1770145219,1849.3742872902158
1770145220,1851.4705049200156
1770145221,1851.491590713618
1770145222,1850.0432189361418
1770145223,1850.8856832021136
1770145224,1852.5408209747886
1770145225,1852.3601644883927
1770145226,1851.9277432611955
1770145227,1851.9651432179335
1770145812,1851.9651432179335
1770145813,1851.9187916424773
1770145814,1850.5626354205142
1770145815,1851.8410024309874
1770145816,1856.4786502015543
1770145817,1857.2774458718259
1770145818,1855.6728277857335
1770145819,1857.3297683245853
1770145820,1858.4147654002902
1770145821,1858.3379797881212
1770146412,1858.328029539365
1770146413,1858.2585768030465
1770146414,1857.2152279834988
1770146415,1858.4758432132162
1770146416,1863.2868017597455
1770146417,1862.7380644414907
1770146418,1864.6313460493245
1770146419,1866.8604625802873
1770146420,1866.3723325023857
1770147013,1866.3723325023857
1770147014,1866.28317827353
1770147015,1866.2632777760175
1770147016,1865.5730317773136
1770147017,1865.3650715783087
1770147018,1866.3589062327876
1770147019,1866.4306770085386
1770147020,1871.1149435371672
1770147021,1871.8031508522402
1770147022,1871.9634282644288
1770147023,1871.399355470226
1770147024,1872.70855747607
1770147025,1874.6608350227625
1770147026,1874.6344467685035
1770147027,1874.3769840819364
1770147028,1874.158371471231
1770147612,1874.158371471231
1770147613,1874.012915418163
1770147614,1873.3836689005307
1770147615,1878.9222299894961
1770147616,1879.7942585827934
1770147617,1879.5739530633282
1770147618,1882.7607216015892
1770147619,1882.2425775979686
1770148211,1882.2112900700909
1770148212,1882.1022353437227
1770148213,1882.0302269645658
1770148214,1881.2186988135738
1770148215,1882.2125334680527
1770148217,1882.234656160307
1770148218,1886.9189226889355
1770148219,1887.6071300040085
1770148220,1887.8797864217322
1770148221,1886.555625180874
1770148222,1887.659480902267
1770148223,1888.9686829081108
1770148224,1890.8619645159447
1770148225,1890.517035028046
1770148226,1890.7684548797854
1770148227,1890.3360336525882
1770148228,1890.3217410803616
1770148812,1890.3217410803616
1770148813,1890.3283853950202
1770148814,1890.318435146264
1770148815,1889.7075157002157
1770148816,1889.4995555012108
1770148817,1890.5947110366649
1770148818,1890.750106468584
1770148819,1895.6071177086799
1770148820,1895.3510857298456
1770148821,1895.556837597289
1770148822,1896.6007790843503
1770148823,1895.2566001940293
1770148824,1896.4842121343277
1770148825,1897.8340903268308
1770148826,1900.1838328423235
1770148827,1900.200188684316
1770148828,1899.9427259977488
1770148829,1899.7666176505957
1770149411,1899.7666176505957
1770149412,1899.756201785925
1770149413,1898.929167711071
1770149414,1898.297236458244
1770149415,1898.9401731435773
1770149416,1899.190715223957
1770149417,1899.7281403003976
1770149418,1900.5680745244085
1770149419,1902.8769239461312
1770149420,1902.770761048651
1770149421,1902.2826309707493
1770150012,1902.2826309707493
1770150013,1902.2628242074643
1770150014,1900.7656920796417
1770150015,1901.510830026272
1770150016,1902.2809922135348
1770150017,1902.4153614827517
1770150018,1902.7750718261657
1770150019,1904.9894292160504
1770150020,1904.931463466704
1770150611,1904.4635971473708
1770150612,1904.509699966608
1770150613,1904.3808442452148
1770150614,1903.002617590029
1770150615,1903.1726763869535
1770150616,1903.7210431026358
1770150617,1904.4379238153513
1770150618,1904.4274861589497
1770150619,1904.6472277869443
1770150620,1904.6557256701988
1770150621,1905.726150299327
1770150622,1905.8382609788064
1770150623,1906.8534627477395
1770150624,1906.4031922947308
1770150625,1906.1457296081637
1770150626,1905.9150622168293
1770151211,1905.9150622168293
1770151212,1905.867992859411
1770151213,1904.7003073012984
1770151214,1906.2121060152385
1770151215,1906.3488161663688
1770151216,1905.6282515241373
1770151217,1908.0415736278542
1770151218,1907.2299225357826
1770151812,1907.1742136850783
1770151813,1907.2073090776805
1770151814,1907.27131110146
1770151815,1905.761803351747
1770151816,1906.4384595962163
1770151817,1906.463561360124
1770151818,1907.1804420728395
1770151819,1907.7722892343386
1770151820,1908.1004851325124
1770151821,1906.858336624653
1770151822,1908.0329044053708
1770151823,1909.029811760487
1770151824,1908.392098366672
1770151825,1908.2171398260418
1770152412,1908.185852298164
1770152413,1908.1099924668856
1770152414,1908.1000422181294
1770152415,1907.9910869942487
1770152416,1907.9811367454924
1770152418,1906.5143767952436
1770152419,1907.191033039713
1770152420,1907.1810827909567
1770152421,1907.1711325422004
1770152422,1906.8979635036721
1770152423,1906.8979635036721
1770152424,1906.739477610697
1770152426,1906.8782604270662
1770152427,1906.5165742913914
1770152428,1906.1939767527688
1770152429,1907.401344075288
1770152430,1907.9626219350735
1770152431,1907.4794861434434
1770152432,1907.5255889626806
1770152433,1907.2681262761134
1770152434,1907.0931677354833
1770153011,1907.0295897918681
1770153012,1906.7688211712034
1770153013,1905.4250429034512
1770153014,1905.755115567506
1770153015,1905.4793218152363
1770153016,1904.7949508520699
1770153017,1906.8269418314703
1770153018,1906.0586777596725
1770153611,1905.6710045438308
1770153612,1905.5355982420065
1770153613,1904.96044994503
1770153614,1904.2079623828408
1770153615,1904.6356908523917
1770153616,1904.5133714150954
1770153617,1903.987048352048
1770153618,1904.1970063432166
1770153619,1903.82911299907
1770153620,1904.6281853717605
1770153621,1905.8131524283694
1770153622,1905.3955346349835
1770153623,1905.0954116865075
1770153624,1904.7158777323466
1770154211,1904.7158777323466
1770154212,1904.6070162426934
1770154213,1904.4828999818922
1770154214,1903.3351309920834
1770154215,1903.949012342905
1770154216,1903.5535757328519
1770154217,1903.296294885626
1770154218,1902.8997450262273
1770154219,1903.3397875270248
1770154220,1902.963074958913
1770154221,1903.7432084529337
1770154222,1903.6588772639284
1770154223,1904.6290265176597
1770154224,1903.924488506164
1770154225,1903.3270589870926
1770154226,1903.2999650197003
1770154813,1903.2999650197003
1770154815,1903.1480578886885
1770154816,1903.1381076399323
1770154817,1902.9696996797334
1770154818,1902.643685207099
1770154821,1901.8911976449099
1770154822,1901.8812473961536
1770154823,1901.7069843030172
1770154824,1901.7069843030172
1770154826,1901.6263162148864
1770154828,1901.364659382768
1770154830,1900.9681095233693
1770154831,1901.1772793604584
1770154833,1901.4215310748593
1770154834,1901.09333922325
1770154835,1901.1215268565124
1770154836,1900.6578038051027
1770154837,1900.6578038051027
1770154838,1901.7342561874202
1770154839,1901.7342561874202
1770154841,1902.7357072653638
1770154842,1902.7357072653638
1770154843,1902.343237794536
1770154845,1902.0490377988435
1770154846,1901.7915751122764
1770154848,1901.4516082797722
1770154849,1901.4330113082976
1770155411,1901.4330113082976
1770155412,1901.3100835380258
1770155413,1900.0944778060023
1770155414,1899.7593494704076
1770155415,1899.5786021048418
1770155416,1899.4108753934968
1770155417,1901.486444244455
1770155418,1900.6320152597789
1770156010,1900.0337688679756
1770156011,1900.0668642605779
1770156012,1899.9069064737544
1770156013,1899.7218484306368
1770156014,1898.9693608684477
1770156015,1898.9869120016704
1770156016,1898.5288745678718
1770156017,1897.9931906445734
1770156018,1898.3734352548554
1770156019,1898.5878962830477
1770156020,1898.7173063772998
1770156021,1900.0304516896988
1770156022,1901.1419082955583
1770156023,1900.7834605343644
1770156024,1900.424971593786
1770156025,1899.829181229932
1770156610,1899.829181229932
1770156611,1899.6898360204952
1770156612,1899.679885771739
1770156613,1898.2847918597006
1770156614,1898.2847918597006
1770156615,1897.8733784486453
1770156616,1897.863428199889
1770156617,1897.414792587837
1770156618,1897.999547977555
1770156619,1898.4255714326412
1770156620,1899.5339861990701
1770156621,1900.6591934959192
1770156623,1900.00290965335
1770156624,1899.4095916365677
1770157211,1900.3797408902992
1770157212,1900.311934759662
1770157213,1900.3806133447586
1770157214,1899.4667896063079
1770157215,1898.779150135533
1770157216,1899.2618585933951
1770157217,1900.7784047060086
1770157218,1901.6651887345836
1770157219,1900.7633783451029
1770157811,1903.2186022257
1770157812,1903.2847930109042
1770157813,1903.1658875382673
1770157814,1902.1336147730042
1770157815,1901.9256545739993
1770157816,1901.6273025839496
1770157817,1901.5466344958188
1770157818,1901.1100741399528
1770157819,1901.7550182060556
1770157820,1901.757482374243
1770157821,1902.306301259846
1770157822,1903.8343220255824
1770157823,1904.642891789376
1770157824,1904.436892084928
1770157825,1904.1105476167927
1770157826,1903.5272854763166
1770157827,1905.4974347300479
1770158411,1905.9825093569136
1770158412,1905.9463785356104
1770158413,1905.103176754757
1770158414,1904.5869143169461
1770158415,1904.15035396108
1770158416,1904.5688545053852
1770158417,1907.0286934061196
1770158418,1906.6525960346346
1770158419,1906.3254741589828
1770159011,1908.7806980395799
1770159012,1908.704965228227
1770159013,1907.6329437095849
1770159014,1907.4541695133394
1770159015,1907.4079858591024
1770159016,1907.647823520344
1770159017,1909.8546930687062
1770159018,1909.4560002582487
1770159019,1911.0794672257368
1770159612,1911.5645418526026
1770159613,1911.4197384285255
1770159614,1911.3107832046448
1770159615,1911.0404944368438
1770159616,1910.327559113461
1770159617,1910.327559113461
1770159618,1910.1182919571788
1770159619,1910.1083417084226
1770159620,1910.0808835792213
1770159621,1909.9438566602448
1770159622,1910.032911386613
1770159623,1910.0193957510178
1770159624,1910.4145807414743
1770159625,1910.5531379554047
1770159626,1911.7550092252784
1770159628,1912.3396577127987
1770159630,1911.9680279351398
1770159631,1911.6156973689506
1770159632,1911.6156973689506
1770160212,1914.0709212495476
1770160213,1913.767963905122
1770160214,1912.8465524439098
1770160215,1912.3566197544162
1770160216,1911.9898902402044
1770160217,1911.9652381029941
1770160218,1914.0614190890317
1770160219,1914.711402505284
1770160220,1914.3548922656814
1770160810,1916.4577855800892
1770160811,1916.5339266140497
1770160812,1915.9966077439194
1770160813,1914.9893601674273
1770160814,1914.7194973602511
1770160815,1914.3443569333533
1770160816,1914.6162012847706
1770160817,1916.6051058564794
1770160818,1917.245807411993
1770160819,1916.7507506272723
1770161411,1919.2059745078693
1770161412,1918.983871226462
1770161413,1918.7468545554314
1770161414,1917.989158932668
1770161415,1917.7811987336631
1770161416,1917.4587830343817
1770161417,1917.4388825368692
1770161418,1917.0582307522693
1770161419,1917.3057893986659
1770161420,1918.177945147521
1770161421,1919.1860587150218
1770161422,1919.7114004499201
1770161423,1920.318531461529
1770161425,1920.1289696398187
1770161426,1919.7880350167463
1770162012,1922.2432588973434
1770162013,1921.7372418514253
1770162014,1921.045077836814
1770162015,1920.7104364442932
1770162016,1920.7826058704193
1770162017,1921.2777402931567
1770162018,1922.3513333037138
1770162019,1922.2170721382765
1770162612,1924.348138364034
1770162614,1923.8869605278642
1770162615,1923.5600617724829
1770162616,1923.352101573478
1770162618,1923.352101573478
1770162619,1923.4003895453832
1770162620,1923.087924094858
1770162622,1923.0779738461017
1770162624,1923.0505157169005
1770162625,1923.0505157169005
1770162626,1922.5819989258557
1770162627,1922.7283723220328
1770162630,1922.6764222509596
1770162631,1924.0651255474345
1770162632,1924.0651255474345
1770162633,1924.1651808265942
1770162634,1924.2403129783356
1770162635,1924.48804691141
1770162636,1924.37567772287
1770162638,1924.9828087344788
1770162639,1924.9828087344788
1770162640,1924.8941045282372
1770162644,1924.753983703788
1770162645,1924.753983703788
1770162647,1924.4007783836837
1770162648,1926.370927637415
1770163223,1926.8560022642807
1770163225,1926.887304088493
1770163227,1926.6338989828735
1770163228,1926.3499852183627
1770163229,1926.5078472768303
1770163230,1925.9269185869464
1770163231,1925.7189583879415
1770163232,1925.7672463598467
1770163233,1925.4744247535923
1770163234,1925.464474504836
1770163235,1925.4545242560798
1770163236,1925.4275028650193
1770163237,1925.0153449048203
1770163238,1925.1043996311885
1770163239,1925.1892689354606
1770163240,1926.7177822132278
1770163241,1926.7177822132278
1770163242,1927.2029658745923
1770163243,1927.9385150364137
1770163244,1927.9385150364137
1770163246,1927.8039580318462
1770163247,1927.8039580318462
1770163248,1927.4678737473862
1770163811,1929.9230976279832
1770163812,1929.4619197918134
1770163813,1928.93695113192
1770163814,1927.9248279643039
1770163815,1929.0368412934072
1770163816,1930.504089324598
1770163817,1930.1785941537191
1770164411,1932.2806127142119
1770164412,1932.0709526810444
1770164413,1931.4311847752904
1770164414,1930.96874069318
1770164415,1930.5186326786131
1770164416,1931.5143641713373
1770164417,1931.9936547834002
1770164418,1931.6769893720214
1770165012,1933.7690576837579
1770165013,1933.6042368603387
1770165014,1933.627089264982
1770165015,1932.8159330783697
1770165016,1932.7960325808572
1770165017,1932.2545858965166
1770165018,1934.1838838511876
1770165019,1934.265752496855
1770165020,1934.3221560849747
1770165021,1933.9590005161142
1770165611,1936.1667119589001
1770165612,1935.9695473897286
1770165613,1935.3705246779757
1770165614,1934.7699775560357
1770165615,1934.1717576217056
1770165616,1936.7503715153287
1770165617,1936.5348897693887
1770165618,1938.3566587868966
1770166211,1938.5942209759512
1770166212,1938.3362734255675
1770166213,1937.8617890159942
1770166214,1937.344529161421
1770166215,1936.5469218787969
1770166216,1938.948621141305
1770166217,1938.733139395365
1770166218,1938.6445415681744
1770166811,1940.8522530109603
1770166812,1940.482150685447
1770166813,1940.697412758918
1770166814,1940.1116700439218
1770166815,1939.5944101893485
1770166816,1938.9475107085227
1770166817,1940.467183116493
1770166818,1942.7201536868936
1770166819,1942.7081742705752
1770166820,1942.634868599759
1770167411,1944.842580042545
1770167412,1945.5594763008532
1770167413,1945.0675905289368
1770167414,1944.167455703506
1770167415,1943.9323466107244
1770167416,1945.6850145569633
1770167417,1945.46473528779
1770167418,1947.4193454966576
1770168026,1947.6569076857122
1770168027,1947.2492377022959
1770168028,1947.4273471550323
1770168029,1947.4434557765737
1770168030,1946.9862989072096
1770168031,1946.568881447332
1770168032,1947.8374978182949
1770168033,1947.8227138771574
1770168034,1947.6427068976138
1770168612,1949.5973171064813
1770168613,1949.719560959679
1770168614,1949.901077354314
1770168615,1950.1551285641553
1770168616,1949.637868709582
1770168617,1949.1320539504861
1770168618,1950.3123119231084
1770168619,1950.2798097542477
1770168620,1950.068425495448
1770168621,1950.042936201828
1770169210,1952.003135206803
1770169211,1952.0792762407636
1770169212,1952.2375324691636
1770169213,1951.7071447624767
1770169214,1950.8450887736321
1770169215,1950.6634547299668
1770169216,1951.7313447898093
1770169217,1951.6093326694947
1770169218,1951.5838433758747
1770169810,1953.5440423808498
1770169811,1953.1812116071817
1770169812,1953.6775093581928
1770169813,1953.1555030250613
1770169814,1952.2934470362168
1770169815,1952.0074460758594
1770169816,1953.1467472872273
1770169817,1953.02272829719
1770169818,1952.99723900357
1770170412,1954.957438008545
1770170413,1954.7473366790346
1770170414,1954.6855424754494
1770170415,1954.452969888648
1770170416,1954.4346211932536
1770170417,1953.5495137947905
1770170418,1953.3248064491656
1770170419,1954.4282617818712
1770170420,1954.5196112694011
1770170422,1954.459383996674
1770170423,1956.081296460785
1770171012,1956.0713462120289
1770171013,1955.8063604682334
1770171014,1955.804481209067
1770171015,1955.3658315999699
1770171016,1954.8705066112968
1770171017,1955.9503893308774
1770171018,1956.035581524884
1770171019,1955.974429523653
1770171611,1957.446825254251
1770171612,1957.0585010705718
1770171613,1957.3588664575757
1770171614,1957.102836716173
1770171615,1956.250432013078
1770171616,1956.0789918915966
1770171617,1957.2514384253059
1770171618,1957.0215813878683
1770172212,1958.4939771184663
1770172213,1958.0099908000584
1770172214,1958.3103561870623
1770172215,1957.9794152871664
1770172216,1957.4644899140321
1770172217,1956.9999904454019
1770172218,1957.0094119788496
1770172219,1957.849198590818
1770172220,1957.8314216220035
1770172221,1957.3436183476265
1770172811,1959.3038173526015
1770172813,1958.8198310341936
1770172814,1959.162948778804
1770172815,1958.987990238174
1770172816,1959.581685989437
1770172817,1959.373725790432
1770172818,1959.4399332148485
1770172819,1959.2036858800936
1770172820,1959.5811464035633
1770172821,1959.5331173182208
1770172822,1959.0281421938428
1770172823,1959.0335415536329
1770172824,1958.70955434681
1770172825,1958.6996040980537
1770172827,1958.5740918842632
1770172828,1958.6926086211363
1770172829,1958.6926086211363
1770172830,1959.402694555103
1770172831,1959.3766023768449
1770172833,1959.0648953616815
1770172834,1959.0648953616815
1770172836,1959.0045739962663
1770172837,1958.99462374751
1770172838,1958.9846734987539
1770172839,1958.5167707218893
1770173411,1960.4769697268644
1770173412,1959.9929834084564
1770173413,1960.1087859745735
1770173414,1960.1920198291896
1770173415,1959.6403248072754
1770173416,1959.529314729804
1770173417,1959.7140920477648
1770173418,1959.6148066977692
1770174011,1961.0915638810159
1770174012,1961.0816136322596
1770174013,1960.8930379919427
1770174014,1960.9216304099696
1770174015,1960.627562289036
1770174016,1960.7404883420008
1770174017,1961.6725587591459
1770174018,1961.3288209636498
1770174019,1961.1050435671405
1770174020,1961.2649561124279
1770174021,1961.679591997732
1770174022,1961.1926130170373
1770174025,1961.233722563818
1770174026,1961.2138220663055
1770174028,1960.7502807420897
1770174029,1960.7502807420897
1770174611,1962.7104797470647
1770174612,1962.6809699698715
1770174613,1963.1490909036643
1770174614,1964.4879592840641
1770174615,1963.8532673590735
1770174616,1964.7299411437805
1770174617,1963.9133811651222
1770174618,1963.429939343394
1770175211,1965.390138348369
1770175212,1965.2033740566203
1770175213,1965.9412333130924
1770175214,1967.190118756008
1770175215,1966.69274534946
1770175216,1967.2996722030903
1770175217,1967.195265661129
1770175218,1966.6528778196348
1770175822,1968.149535500394
1770175823,1968.1395852516378
1770175824,1967.9749851750976
1770175825,1968.637983526858
1770175826,1968.400489677424
1770175827,1969.8007940165344
1770175828,1969.4981909955018
1770175829,1969.0505632384243
1770175830,1969.9681060178273
1770175831,1969.4643104026022
1770175832,1968.9291418658192
1770175833,1968.19818760628
1770176410,1970.158386611255
1770176411,1969.8338554210522
1770176412,1970.9635915126848
1770176413,1971.014114538581
1770176414,1971.7668973279308
1770176415,1971.5145135051591
1770176416,1971.5889225032006
1770176417,1971.0537539664176
1770176418,1972.2929489606097
1770177010,1972.2829987118535
1770177011,1971.9775069399439
1770177012,1972.498548409449
1770177013,1972.7216727146629
1770177014,1973.454525931098
1770177015,1973.0974519336517
1770177016,1972.9219660138604
1770177017,1972.365191770054
1770177018,1973.604386764246
1770177612,1973.5944365154899
1770177613,1973.4266859824409
1770177614,1973.8968447314958
1770177615,1974.2321063396323
1770177616,1975.0282102142821
1770177617,1974.4175245123567
1770177618,1974.4112869193511
1770177619,1974.040250522496
1770177620,1973.6484845705636
1770177621,1972.9175303110244
1770178211,1972.9175303110244
1770178212,1972.5502439358825
1770178213,1972.2050699458885
1770178214,1973.130260948302
1770178215,1974.0599387483799
1770178216,1973.3090536935688
1770178217,1974.0158639931356
1770178218,1973.1667187561172
1770178219,1972.100220959906
1770178811,1972.100220959906
1770178812,1972.0542671133198
1770178813,1972.5615753994753
1770178814,1973.0718381056497
1770178815,1972.2682526689982
1770178816,1972.814523407099
1770178817,1972.0204228703356
1770178818,1970.4401102198244
1770179411,1970.4401102198244
1770179412,1970.3905579810184
1770179413,1970.2791949419334
1770179414,1970.9685431966245
1770179415,1970.436839317549
1770179416,1971.0271494315439
1770179417,1970.59192067104
1770179418,1970.394515355805
1770179419,1969.7083773871534
1770179420,1969.0883127000498
1770180011,1968.3573584405106
1770180012,1968.1228974123183
1770180013,1968.3416352215947
1770180014,1967.8481687270253
1770180015,1967.293296371664
1770180016,1967.3013683158358
1770180017,1966.205739003583
1770180018,1965.1966441586267
1770180611,1964.7331028344108
1770180612,1964.5382437962683
1770180613,1965.280409291543
1770180614,1965.2704590427868
1770180615,1964.9217480191505
1770180616,1965.1319980510423
1770180617,1964.4230055335659
1770180618,1968.4858472553508
1770180619,1967.441108816622
1770180620,1966.4519144691783
1770180621,1966.689476658233
1770181212,1966.5460016690088
1770181213,1966.4964494302028
1770181214,1966.5996556214689
1770181215,1967.508021208698
1770181216,1967.1581041274378
1770181217,1968.2497885624057
1770181218,1967.7950778787497
1770181219,1967.2428317778756
1770181220,1971.3923988043855
1770181221,1970.9604533819524
1770181222,1971.0482858246771
1770181223,1970.423982129478
1770181812,1970.2805071402538
1770181813,1970.4096344505622
1770181814,1971.2318921158626
1770181815,1971.9794619589547
1770181816,1971.110367060311
1770181817,1973.9375668228736
1770181818,1973.4973905748748
1770181819,1972.6788401083363
1770182412,1972.6788401083363
1770182413,1972.7824308502788
1770182414,1973.8474550635697
1770182415,1974.5295293077336
1770182416,1973.609424336383
1770182417,1976.9150790231774
1770182418,1976.2393777168672
1770182419,1975.8843685745446
1770183011,1975.455718871518
1770183012,1975.4392620253143
1770183013,1975.9473880617986
1770183014,1976.7410512481958
1770183015,1976.4140860740665
1770183016,1977.2987516490916
1770183017,1976.5053916094628
1770183018,1980.7294331243256
1770183019,1980.0671632195183
1770183020,1979.2105142904245
1770183610,1979.3394931114442
1770183611,1979.329542862688
1770183612,1979.80122967605
1770183613,1981.3178027933695
1770183614,1982.1767606514318
1770183615,1984.414716745816
1770183616,1984.7994066797821
1770183617,1983.4625777508772
1770183618,1983.6020776199528
1770184210,1983.6020776199528
1770184211,1983.5921273711965
1770184212,1983.6252227637988
1770184213,1983.8132824652914
1770184214,1984.288406843401
1770184215,1984.5259690324556
1770184216,1984.0456643347459
1770184218,1984.5307389616116
1770184219,1984.2358246443093
1770184220,1984.1466704154536
1770184221,1984.1466704154536
1770184222,1984.2682055966902
1770184223,1984.2682055966902
1770184224,1985.3297440582287
1770184225,1985.2155780461837
1770184226,1985.1082458546823
1770184227,1985.0112725186457
1770184229,1984.6613554373853
1770184230,1985.2590642957073
1770184231,1985.2590642957073
1770184232,1985.249114046951
1770184233,1985.1582966295027
1770184234,1985.1582966295027
1770184235,1984.6370247836041
1770184237,1984.627074534848
1770184238,1984.7393526504427
1770184241,1983.7414272974506
1770184243,1983.8809271665261
1770184811,1983.8809271665261
1770184812,1983.8859931410016
1770184813,1984.7317366457003
1770184814,1984.7431862981643
1770184815,1984.365767834925
1770184816,1984.398148787306
1770184817,1985.3985285677927
1770184818,1985.0163781129304
1770184819,1985.018813818818
1770184820,1985.3340456307726
1770184821,1984.9610058596566
1770184822,1984.7180385972035
1770184823,1983.6820344076252
1770184824,1983.7781110419971
1770185411,1983.7781110419971
1770185412,1983.9712367179652
1770185413,1984.8807235409413
1770185414,1984.503305077702
1770185415,1985.6152697906691
1770185416,1985.210737891962
1770185417,1985.8250938654257
1770185418,1985.2410001437074
1770185419,1984.335967819566
1770185420,1984.1944822648832
1770186012,1984.1944822648832
1770186013,1984.366085120172
1770186014,1984.563871292829
1770186015,1984.1992503802976
1770186016,1984.7737941110302
1770186017,1985.4389285780144
1770186018,1984.8423391520005
1770186019,1983.937306827859
1770186611,1983.7914789497058
1770186612,1983.7419267108999
1770186613,1984.0026340438008
1770186614,1984.3930582169312
1770186615,1984.000935922421
1770186616,1985.0013157029077
1770186617,1985.0508568667233
1770186618,1985.1527552161035
1770186619,1984.6098168118688
1770186620,1983.692561651292
1770186621,1983.5467337731388
1770187210,1983.5467337731388
1770187211,1983.4441856442181
1770187212,1984.0014541670287
1770187213,1984.074705006847
1770187214,1984.9474040915484
1770187215,1985.344578692775
1770187216,1985.09614433428
1770187217,1984.3260667038564
1770187811,1984.1802388257033
1770187812,1984.2442275775961
1770187813,1983.3326055166233
1770187814,1983.0195839003181
1770187815,1984.063531315404
1770187816,1984.4150891642
1770187817,1983.6954173055653
1770187818,1982.9653645346
1770188411,1982.8195366564469
1770188412,1983.2181074388984
1770188413,1983.2527743094433
1770188414,1982.875355846204
1770188415,1982.8497481702977
1770188416,1983.6373024393401
1770188417,1983.4137422101828
1770188418,1983.5129496159661
1770188419,1982.9960425523377
1770188420,1982.2537669449373
1770188421,1982.097988818028
1770189011,1982.097988818028
1770189012,1982.420429555517
1770189013,1982.2760549397526
1770189014,1982.915403188211
1770189015,1983.5179298891037
1770189016,1983.713207185068
1770189017,1982.7302423794667
1770189018,1982.029641924569
1770189611,1981.5637477114242
1770189612,1981.3052597590295
1770189613,1980.3084456631161
1770189614,1980.848685547796
1770189615,1981.9719429979193
1770189616,1982.2659254320852
1770189617,1980.3809366625242
1770190210,1979.977646097804
1770190211,1979.928093858998
1770190212,1980.1219773825567
1770190213,1979.1429369099003
1770190214,1979.4766256092607
1770190215,1978.9582559709654
1770190216,1979.9510781197635
1770190217,1979.5430480944515
1770190218,1981.4917334090721
1770190219,1981.014259666673
1770190220,1979.7889662662362
1770190221,1978.986692803827
1770190222,1978.72923011726
1770190811,1978.5834022391068
1770190812,1978.7277335238596
1770190813,1978.4273189301614
1770190814,1977.7882452900092
1770190815,1977.7021373680805
1770190816,1977.2257139297167
1770190817,1977.2008631834478
1770190818,1978.1936853322459
1770190819,1977.7936535669996
1770190820,1978.9519127760052
1770190821,1979.7135919528928
1770190822,1979.2361182104937
1770190823,1979.275392490394
1770190824,1977.9882224646913
1770190825,1977.9903459933892
1770190826,1977.1980227797362
1770190827,1977.2606264281608
1770190828,1976.794732215016
1770191411,1976.794732215016
1770191412,1976.74517997621
1770191413,1976.9291132510125
1770191414,1976.0820794118554
1770191415,1975.6611923547625
1770191416,1976.6216061256027
1770191417,1977.3771919504982
1770191418,1977.9975764912149
1770191419,1977.5379700296426
1770191420,1976.2508000039397
1770191421,1975.0347402100301
1770191422,1974.888912331877
1770192011,1974.888912331877
1770192013,1975.4059682288625
1770192014,1974.5489841409492
1770192015,1974.160373431058
1770192016,1975.009538863438
1770192017,1975.8088567979694
1770192018,1976.4442548720604
1770192019,1975.796415454377
1770192020,1974.3338989755155
1770192021,1973.127789430362
1770192611,1973.2386097874512
1770192612,1973.7265465741061
1770192613,1973.1541109466011
1770192614,1972.6893425635374
1770192615,1973.1764903065864
1770192616,1974.3807029149275
1770192617,1974.0070735995253
1770192618,1972.1203380660143
1770193211,1972.438569314145
1770193212,1972.8966553545315
1770193213,1972.3147709236125
1770193214,1972.7718476338637
1770193215,1973.7088550708531
1770193216,1973.6757238861646
1770193217,1972.943193838782
1770193218,1972.4457613611828
1770193810,1972.4457613611828
1770193813,1972.9815505524812
1770193815,1972.76364010472
1770193816,1972.3897158728062
1770193817,1972.37976562405
1770193818,1972.37976562405
1770193819,1972.5348236671678
1770193820,1972.4106369086526
1770193821,1972.2729383048973
1770193822,1972.0896795984295
1770193823,1972.0896795984295
1770193824,1973.069779100917
1770193825,1973.0825017472275
1770193827,1972.8150888119042
1770193828,1972.8994290156475
1770193831,1974.0776389759471
1770193832,1973.9067297185532
1770193834,1974.338063671896
1770193835,1974.2844347576438
1770193836,1974.2744845088876
1770193838,1973.7259463355567
1770193839,1973.7259463355567
1770193840,1973.548999743217
1770193841,1973.1059027282918
1770193844,1972.7174040452364
1770193846,1973.1086717504263
1770194410,1973.1086717504263
1770194411,1973.7900564933782
1770194412,1972.8301728246938
1770194413,1972.0690655962856
1770194414,1972.704113126115
1770194415,1974.530022565779
1770194416,1973.9368578862693
1770194417,1972.9654424616206
1770195011,1973.3729404906014
1770195012,1974.0252061232225
1770195013,1973.3434792894113
1770195014,1972.5227514825765
1770195015,1972.1821325505266
1770195016,1973.4241033069866
1770195017,1972.919267841484
1770195018,1971.9478524168353
1770195019,1972.3465095377348
1770195611,1972.3465095377348
1770195613,1973.0982654639859
1770195614,1972.5932903396078
1770195615,1972.5733898420956
1770195616,1972.7614495435882
1770195617,1972.2052505328465
1770195618,1972.2052505328465
1770195619,1972.4428127219012
1770195620,1972.246797605177
1770195621,1971.6328672569184
1770195622,1971.645589903229
1770195623,1971.645589903229
1770195624,1971.3258093333852
1770195625,1972.5585381623587
1770195626,1973.4112849592148
1770195627,1972.9063098348367
1770195628,1972.8679804016338
1770195629,1972.449309865426
1770195630,1972.449309865426
1770195631,1971.8258496265134
1770195632,1971.4198794772597
1770195633,1971.8185365981592
1770195634,1971.8185365981592
1770196211,1971.3842793131557
1770196212,1972.1190490917138
1770196213,1971.1831587808806
1770196214,1970.3506199867559
1770196215,1970.0679001991698
1770196216,1971.2118668513144
1770196217,1970.791652491192
1770196218,1969.982362577126
1770196219,1970.3005278483308
1770196811,1969.9605610158267
1770196812,1970.5858902519988
1770196813,1970.2011496547823
1770196814,1969.0467268284378
1770196815,1968.8994565954538
1770196816,1970.4995576828276
1770196817,1969.51653039988
1770196818,1968.7879788803689
1770197411,1968.7581281341002
1770197412,1968.9956903231548
1770197413,1969.2948855236232
1770197414,1968.5156042607512
1770197415,1967.358234857766
1770197416,1966.9164941941722
1770197417,1968.2310267943294
1770197418,1966.599467073965
1770197419,1966.2685941365917
1770197420,1965.1852747895516
1770197421,1965.495390875787
1770198011,1965.155424043283
1770198012,1965.5566954639573
1770198013,1964.842182161639
1770198014,1963.6583011516416
1770198015,1964.8423141677008
1770198016,1962.9940399860318
1770198017,1962.7450857333513
1770198018,1962.160757375142
1770198611,1961.820790542638
1770198612,1962.2926541973375
1770198613,1961.9732109990443
1770198614,1961.4957752610676
1770198615,1960.6103923928001
1770198616,1960.5693144568838
1770198617,1960.566960292951
1770198618,1959.0521242461384
1770198619,1959.0171094467178
1770198620,1957.9106889388154
1770198621,1958.2208050250508
1770199211,1957.8808381925467
1770199212,1958.3527018472462
1770199213,1957.9342536738286
1770199214,1957.4568179358519
1770199215,1956.5839859495381
1770199216,1956.7847563655628
1770199217,1956.1037372070127
1770199218,1955.0752579465907
1770199219,1954.8889650705712
1770199220,1953.9714194652643
1770199810,1953.9415687189955
1770199811,1954.413432373695
1770199812,1953.9589578890027
1770199813,1952.2649671285196
1770199814,1952.6944028065388
1770199815,1951.1130122956413
1770199816,1950.9082092329693
1770199817,1950.1218550600586
1770200410,1949.7719379787982
1770200411,1950.7900288308442
1770200412,1949.5976389448035
1770200413,1949.2601111989175
1770200414,1947.8907193165217
1770200415,1948.0882252666254
1770200416,1946.2584614980558
1770200417,1945.6589129720292
1770200418,1945.9690290582646
1770201011,1945.6290622257604
1770201012,1946.1421779534285
1770201013,1944.9856681905815
1770201014,1944.7886661876094
1770201015,1943.6755612577133
1770201016,1943.2557635553453
1770201017,1942.6494543016636
1770201018,1941.6944896925515
1770201019,1941.5348174654519
1770201020,1940.8371136767032
1770201610,1940.4871965954428
1770201611,1940.766010857466
1770201612,1940.2205031021253
1770201613,1940.0510527349136
1770201614,1938.9862357769227
1770201615,1938.7975691901374
1770201616,1937.8960636030515
1770201617,1936.7151325379177
1770201618,1936.7051822891615
1770202210,1936.3652154566573
1770202211,1936.602777645712
1770202212,1935.99903166971
1770202213,1935.8540605545895
1770202214,1934.713643907418
1770202215,1935.746750855802
1770202216,1933.8102815709985
1770202217,1932.9496507142246
1770202218,1932.6227850425828
1770202811,1932.2828182100786
1770202812,1932.2728679613224
1770202813,1932.3767236827155
1770202814,1930.9669658997195
1770202815,1930.7448621328397
1770202816,1929.7504440184157
1770202817,1929.5730356059328
1770202818,1929.5753715199455
1770202819,1930.3815094174802
1770202820,1929.3449852589413
1770202821,1928.6090456974894
1770202822,1928.2079880318224
1770202823,1927.344499888609
1770202824,1927.344499888609
1770202825,1927.3345496398529
1770203411,1926.9945828073487
1770203412,1927.5934634043635
1770203413,1926.1692551464694
1770203414,1925.0808284068212
1770203415,1925.0707642002249
1770203416,1925.00169180824
1770203417,1924.351793541018
1770203418,1923.854843833026
1770203419,1923.8448935842698
1770204012,1923.5049267517657
1770204013,1922.892458858673
1770204014,1922.1634277990279
1770204015,1921.1373638071411
1770204016,1922.0357307957277
1770204017,1920.5083670686442
1770204018,1920.4672678524882
1770204019,1920.4006414534558
1770204610,1920.0606746209517
1770204611,1920.009472299227
1770204612,1919.762685400388
1770204613,1919.3203139244345
1770204614,1918.7842050945806
1770204615,1918.2956738695145
1770204616,1917.3453099483793
1770204617,1917.1457337552708
1770204618,1917.3089319256392
1770204619,1917.8038572987734
1770204620,1916.0908260316728
1770204621,1916.1079014776137
1770204622,1916.1964288537708
1770204623,1916.0901461176743
1770204624,1916.0901461176743
1770204625,1916.019734815407
1770205211,1915.811774616402
1770205212,1914.8181447358602
1770205213,1914.5072224731705
1770205214,1913.2178757540207
1770205215,1913.8561983024983
1770205216,1912.3163364645025
1770205217,1912.3528401312833
1770205218,1912.3566250345182
1770205811,1912.0574418459832
1770205812,1911.038358558716
1770205813,1911.638825688006
1770205814,1910.4554707490854
1770205815,1911.4096966782631
1770205816,1909.9902416982536
1770205817,1910.1673172275164
1770205818,1910.2604897208894
1770206412,1910.0525295218845
1770206414,1910.0013272001597
1770206415,1910.173222824081
1770206417,1909.668247699703
1770206418,1909.1076277226653
1770206419,1909.8732431406765
1770206421,1909.8732431406765
1770206423,1909.8334754240755
1770206424,1908.887828657906
1770206425,1908.887828657906
1770206426,1908.6882524647976
1770206427,1908.6882524647976
1770206428,1908.784828408608
1770206430,1909.4831992992529
1770206431,1908.6082542963761
1770206432,1908.1814409944645
1770206433,1908.2189004552758
1770206434,1908.6049701070172
1770206435,1908.7486482679367
1770206436,1908.7029130884125
1770206438,1908.9250247523153
1770206439,1908.9070902313715
1770206440,1908.9070902313715
1770207011,1908.6991300323666
1770207012,1907.780121842026
1770207013,1908.2619784598928
1770207014,1907.1020880968929
1770207015,1907.3665585254987
1770207016,1923.3739185780555
1770207017,1923.6599212609435
1770207018,1923.857812373736
1770207611,1923.857812373736
1770207612,1923.1327057639278
1770207613,1923.33350737256
1770207614,1922.190846231059
1770207615,1922.335313250193
1770207616,1935.8755235259553
1770207617,1936.2486028737117
1770207618,1936.3130425799425
1770208210,1936.3130425799425
1770208211,1936.2618402582177
1770208212,1935.5879359701344
1770208213,1935.9239259762442
1770208214,1935.1641069993852
1770208215,1934.9645308062768
1770208216,1935.2368807805192
1770208217,1941.801715101983
1770208218,1942.1057796734353
1770208219,1942.1339980473035
1770208220,1942.1339980473035
1770208811,1942.1240477985473
1770208812,1941.9179381950496
1770208813,1941.498007524431
1770208814,1941.7355697134856
1770208815,1940.7840241842036
1770208816,1940.6484557040376
1770208817,1940.6365201437438
1770208818,1947.653996862713
1770208819,1947.2169215554884
1770208820,1947.528502470678
1770208821,1946.9472888169837
1770208822,1946.9472888169837
1770209410,1946.929289383258
1770209411,1946.8780870615333
1770209412,1946.9501311025383
1770209413,1947.005560477403
1770209414,1946.0066747607718
1770209415,1946.1940961163264
1770209416,1960.0388170901783
1770209417,1960.3996856150677
1770209418,1960.0026233075578
1770210012,1959.984623873832
1770210013,1960.3477783395986
1770210014,1959.476385304773
1770210015,1959.6258368817412
1770210016,1958.9205133969722
1770210017,1958.741594662329
1770210018,1958.8711225132704
1770210019,1971.5922782057928
1770210020,1971.938757279761
1770210021,1971.668465879619
1770210022,1971.668465879619
1770210611,1971.6504664458932
1770210612,1971.5431422942936
1770210613,1971.4858268406142
1770210614,1970.560814222545
1770210615,1970.486157834314
1770210616,1984.2532950742082
1770210617,1983.9063247973872
1770210618,1983.8311452959588
1770210619,1983.8131458622331
1770211211,1983.8131458622331
1770211212,1984.2037537981632
1770211213,1984.2986877358248
1770211214,1984.4682450033704
1770211215,1983.8130933161258
1770211216,1983.4663232180073
1770211217,1996.0150779906555
1770211218,1995.5688512771608
1770211810,1995.550851843435
1770211811,1996.601492946861
1770211812,1996.096517822483
1770211813,1996.3542181987445
1770211814,1996.7113796539484
1770211815,1995.551879535493
1770211816,1995.2341721940827
1770211817,2008.557504251743
1770211818,2007.4607547272317
1770211819,2007.1624192349118
1770211820,2007.0270129330877
1770212424,2007.009013499362
1770212425,2007.6590964181016
1770212426,2007.55467947841
1770212427,2007.6596092598243
1770212428,2008.062179740753
1770212429,2007.0421793859591
1770212430,2007.0148904574671
1770212431,2006.6304282763938
1770212432,2019.953760334054
1770212433,2019.1460585153313
1770212434,2018.925975544605
1770212435,2018.720977442745
1770212436,2018.720977442745
1770213011,2018.7029780090193
1770213012,2019.3036009107707
1770213013,2019.7838564443766
1770213014,2018.6631745903674
1770213015,2018.2755911344334
1770213016,2035.0329847220507
1770213017,2034.4180371076625
1770213018,2034.557755858084
1770213612,2034.5397564243583
1770213613,2034.6431955749006
1770213614,2035.0635469817237
1770213615,2035.209679672308
1770213616,2034.2850131054345
1770213617,2034.361873603893
1770213618,2048.2288396858326
1770213619,2047.5183826763323
1770213620,2047.3267172019687
1770213621,2047.5488288658714
1770214211,2047.5308294321458
1770214212,2048.3080154659947
1770214213,2047.644582630174
1770214214,2047.7467385174045
1770214215,2048.3143172902073
1770214216,2047.1276858911867
1770214217,2047.1177356424305
1770214218,2047.2698238017704
1770214219,2046.803920708541
1770214220,2061.1358096509257
1770214221,2060.360993375558
1770214222,2060.061768496817
1770214223,2060.226532910045
1770214224,2060.4903308792636
1770214225,2060.4723314455377
1770214812,2060.4723314455377
1770214813,2061.1419033759903
1770214814,2060.4784705401694
1770214815,2060.240659594896
1770214816,2059.6582754779834
1770214817,2059.6235981185123
1770214818,2059.381660189432
1770214819,2073.8591537624593
1770214820,2073.1927715074657
1770214821,2073.041430398283
1770214822,2073.225825881186
1770215411,2073.1621520025174
1770215412,2073.292609161997
1770215413,2073.236307337785
1770215414,2073.2399794533976
1770215415,2072.053348054377
1770215416,2072.2767587057347
1770215417,2072.272692724834
1770215418,2086.3476512654643
1770215419,2085.745583577359
1770215420,2086.0778628298203
1770215421,2085.9929088120307
1770216011,2085.9929088120307
1770216012,2086.017098209869
1770216013,2086.0462239947733
1770216014,2086.226673198033
1770216015,2085.8700585046945
1770216016,2085.859598838625
1770216017,2099.96650290037
1770216018,2099.630745637394
1770216019,2099.487803631008
1770216611,2099.487803631008
1770216612,2099.6461120887193
1770216613,2100.560909314711
1770216614,2100.428363966916
1770216615,2100.3887388869143
1770216616,2100.187282293965
1770216617,2115.308978369686
1770216618,2115.2392467882787
1770216619,2115.3136367432658
1770217211,2115.141141012962
1770217213,2115.0981891058314
1770217215,2115.221514785127
1770217216,2114.799043806686
1770217217,2116.245267234999
1770217218,2116.235316986243
1770217220,2116.489380004485
1770217221,2116.0461973669485
1770217222,2115.3898363150647
1770217223,2116.0890764328838
1770217224,2116.0890764328838
1770217225,2115.687392044369
1770217227,2115.944655725961
1770217228,2131.8681253519417
1770217229,2131.213160046888
1770217230,2131.09788535651
1770217231,2130.8640396817536
1770217232,2130.8640396817536
1770217235,2131.0997274892147
1770217236,2130.927231758911
1770217811,2130.927231758911
1770217812,2130.885344421405
1770217813,2130.213904794144
1770217814,2131.045936991524
1770217815,2131.036042261231
1770217816,2130.665531932151
1770217817,2141.571657178949
1770217818,2141.37268028682
1770217819,2141.2941635005513
1770218411,2141.2941635005513
1770218412,2141.2512115934205
1770218413,2140.8381077265853
1770218414,2140.6709055188303
1770218415,2140.78450242414
1770218416,2140.4071844684636
1770218417,2148.8420922522682
1770218418,2148.6431153601393
1770218419,2148.5718688054562
1770219011,2148.5718688054562
1770219012,2148.0858198834
1770219013,2147.815330226422
1770219014,2150.1448414007095
1770219015,2150.283597120439
1770219016,2150.821501061996
1770219017,2150.4156497575896
1770219018,2166.5434023852995
1770219019,2166.336721705232
1770219020,2166.857780995826
1770219021,2167.4036232133103
1770219611,2167.30513192989
1770219612,2166.7013559380543
1770219613,2166.679227762195
1770219614,2166.128510398226
1770219615,2166.199498052547
1770219616,2182.6501319449294
1770219617,2183.573781854586
1770219618,2184.3935851490382
1770220211,2184.295093865618
1770220212,2184.0211303498636
1770220214,2183.6913178737823
1770220216,2183.384352699653
1770220217,2183.8275257234236
1770220219,2184.1596429152423
1770220220,2184.078974827112
1770220221,2183.8968420129218
1770220222,2183.9264937542152
1770220224,2183.2701327023315
1770220227,2183.9616012853426
1770220228,2183.3411203566525
1770220229,2183.8756974710805
1770220231,2183.297768931958
1770220232,2183.2947664007547
1770220233,2196.8780997340887
1770220234,2196.8780997340887
1770220235,2197.3631743609544
1770220236,2196.898534596812
1770220237,2197.509015525502
1770220238,2198.884185132015
1770220239,2198.884185132015
1770220240,2198.884185132015
1770220242,2199.0343899900777
1770220245,2199.580232207562
1770220247,2199.481740924142
1770220811,2199.481740924142
1770220812,2199.240779066762
1770220815,2198.910966590681
1770220816,2198.7360080500507
1770220817,2199.4761959991943
1770220819,2199.2362844458503
1770220820,2199.2362844458503
1770220821,2199.1556163577197
1770220822,2198.9734835435297
1770220823,2199.003135284823
1770220824,2199.003135284823
1770220825,2198.3467742329394
1770220826,2198.3467742329394
1770220828,2198.7082262322024
1770220830,2198.049063031811
1770220831,2198.583640146239
1770220833,2198.349419825108
1770220834,2198.339469576352
1770220835,2210.447934981286
1770220836,2210.9330096081517
1770220837,2210.9330096081517
1770220838,2210.4683698440094
1770220840,2211.092051436049
1770220841,2211.938444470875
1770220842,2211.938444470875
1770220843,2211.938444470875
1770220844,2212.0886493289377
1770220848,2212.634491546422
1770220849,2212.634491546422
1770220850,2212.536000263002
1770221411,2212.536000263002
1770221412,2211.965225929541
1770221413,2212.2005980883555
1770221414,2211.8673605493423
1770221415,2212.4250541513
1770221416,2221.202746792298
1770221417,2222.849494082975
1770221418,2223.421784939617
1770222011,2223.3232936561967
1770222012,2222.7128026867263
1770222013,2224.7127929315807
1770222014,2224.6941047987452
1770222015,2224.131265892501
1770222016,2224.3758404459913
1770222017,2246.5127776929417
1770222018,2246.5368769678093
1770222019,2246.3577175962587
1770222612,2246.3577175962587
1770222613,2245.7624581614227
1770222614,2245.148527813164
1770222615,2248.903917531241
1770222616,2248.6239537139636
1770222617,2248.1102407055064
1770222618,2248.1647800389146
1770222619,2247.6071426937256
1770222620,2247.060787728088
1770222621,2268.7638688138873
1770222622,2268.4508938875238
1770222623,2271.53989172778
1770222624,2271.53989172778
1770222625,2271.351965811145
1770222626,2271.351965811145
1770223211,2271.253474527725
1770223212,2270.3690200425
1770223213,2273.394473582879
1770223214,2272.551066313895
1770223215,2271.263163832559
1770223216,2292.4511672454973
1770223217,2295.192757695895
1770223218,2296.984931281748
1770223811,2296.9025383682665
1770223812,2296.3317640348055
1770223813,2297.59212887726
1770223814,2296.8941208934634
1770223815,2295.9449241900743
1770223816,2315.858544367853
1770223817,2316.405783840003
1770223818,2318.321713644761
1770224412,2318.2312715463104
1770224413,2318.1800692245856
1770224415,2317.8502567485043
1770224416,2317.57629323275
1770224418,2318.8748954597104
1770224419,2318.594931642433
1770224420,2318.412798828243
1770224421,2318.633309239982
1770224422,2319.2074385932156
1770224424,2319.27192817538
1770224425,2318.66421203908
1770224427,2317.9695452762758
1770224428,2317.92138258098
1770224429,2337.6925268595874
1770224430,2337.385561685458
1770224431,2337.312598820002
1770224432,2337.7782941528617
1770224433,2337.7782941528617
1770224434,2337.9284990109245
1770224437,2339.941736395431
1770224439,2339.8432451120107
1770225011,2339.8432451120107
1770225012,2339.4622303142046
1770225013,2339.7759431906043
1770225014,2339.5774026122344
1770225015,2340.2160215476324
1770225016,2338.9222477768003
1770225017,2357.807228050513
1770225018,2358.464518976834
1770225019,2359.0994612526347
1770225612,2359.0009699692146
1770225613,2358.6612072443772
1770225614,2358.439103477497
1770225615,2358.8861482180164
1770225616,2358.9330236988203
1770225617,2358.5270535495665
1770225618,2358.7516516798987
1770225619,2357.913615159989
1770225620,2370.7062484845947
1770225621,2370.2118581713976
1770225622,2369.8619410901374
1770225623,2370.3956571253457
1770225624,2370.3956571253457
1770226211,2370.2971658419256
1770226212,2370.0013498399685
1770226213,2369.7792460730884
1770226214,2370.2493152264274
1770226215,2370.003801376911
1770226216,2370.8503805113137
1770226217,2369.3016981375486
1770226218,2379.1207083496465
1770226219,2378.528556961271
1770226220,2379.0622729964794
1770226221,2379.0622729964794
1770226812,2378.95573252809
1770226813,2378.3775137083953
1770226814,2378.50761602923
1770226815,2379.0144157995837
1770226816,2377.9700018214944
1770226817,2385.438944190987
1770226818,2385.1440587065326
1770226819,2385.753932414914
1770227412,2385.6554411314937
1770227413,2384.737255479295
1770227414,2384.3670173384385
1770227415,2384.926812998907
1770227416,2383.830133741047
1770227417,2391.10188074691
1770227418,2390.7182880183127
1770227419,2391.350487597341
1770228012,2391.3002914237372
1770228013,2391.290341174981
1770228015,2391.024343576765
1770228016,2390.3249971715363
1770228017,2390.190308297068
1770228018,2390.191930620235
1770228019,2390.191930620235
1770228020,2389.7199571542315
1770228021,2390.0195006268
1770228022,2389.613530477546
1770228023,2390.395620029785
1770228024,2390.460109611949
1770228026,2389.8381286078784
1770228027,2389.3223736974796
1770228028,2389.267421187303
1770228029,2410.0286152171543
1770228030,2409.1871696765725
1770228031,2409.4220704415648
1770228032,2409.2702336765624
1770228033,2409.2702336765624
1770228034,2409.2479078059155
1770228035,2409.8801073849436
1770228036,2409.8801073849436
1770228037,2409.846009581279
1770228612,2409.846009581279
1770228613,2409.48397045159
1770228614,2408.0632780659303
1770228615,2407.507835598633
1770228616,2407.778721769283
1770228617,2407.0897106683074
1770228618,2405.512522443434
1770228619,2405.467764871644
1770229211,2404.5503802500366
1770229212,2402.9165072026562
1770229213,2403.423630348456
1770229214,2403.90855572159
1770229215,2402.2972098409327
1770229216,2401.5491889875816
1770229217,2400.406719693329
1770229218,2401.5013507049375
1770229812,2400.6664702292674
1770229813,2400.4843374150773
1770229814,2400.1839228213794
1770229815,2400.2982764812755
1770229816,2400.244000165486
1770229817,2400.6201195684707
1770229818,2400.1326438829883
1770229819,2399.395953018051
1770229820,2398.8248973825807
1770229821,2398.0674229783767
1770229822,2399.2894654558627
1770229823,2398.6030924428787
1770230411,2398.6030924428787
1770230412,2398.1304952837468
1770230413,2398.4882847060076
1770230414,2398.2304150277996
1770230415,2398.0565292873293
1770230416,2398.1589486228822
1770230417,2397.8331000283047
1770230418,2399.560117630169
1770231013,2398.8812659867463
1770231014,2398.451714468973
1770231015,2398.5582406615395
1770231016,2400.7373975778805
1770231017,2401.0753045343263
1770231018,2400.531635781317
1770231019,2400.430229747576
1770231020,2399.8212450201117
1770231021,2400.206912485704
1770231022,2398.0283587989043
1770231023,2398.2092322611948
1770231024,2398.1992820124387
1770231025,2400.9845224767837
1770231026,2400.4046758084855
1770231611,2400.4046758084855
1770231612,2399.9751242907123
1770231613,2399.9651740419563
1770231614,2403.2932122204356
1770231615,2403.493287501923
1770231616,2403.552764552759
1770231617,2402.463512719864
1770231618,2402.9603481429194
1770231619,2400.910646775072
1770231620,2401.516301844366
1770231621,2404.0667228164284
1770232212,2403.4868761481302
1770232213,2403.057324630357
1770232214,2402.208256246785
1770232215,2405.672427485453
1770232216,2406.1638609988895
1770232217,2406.0624549651484
1770232218,2405.6664671976355
1770232219,2404.3868281983086
1770232220,2404.7348341263796
1770232221,2407.0649192775472
1770232222,2406.485072609249
1770232811,2406.485072609249
1770232812,2406.044116470403
1770232813,2408.8680848782096
1770232814,2409.2018994654045
1770232815,2408.405979847369
1770232816,2408.4640344976387
1770232817,2407.0948156659692
1770232818,2409.472703470536
1770232819,2408.892856802238
1770233411,2408.892856802238
1770233412,2408.3878816778597
1770233413,2408.1119338308877
1770233414,2411.3605018682288
1770233415,2411.6961610337016
1770233416,2411.336512478212
1770233417,2410.585715929043
1770233418,2411.3959103170587
1770233419,2410.832131579426
1770233420,2410.62211283258
1770233421,2413.3736037753024
1770233422,2412.7937571070042
1770234012,2412.7937571070042
1770234015,2412.02278438441
1770234016,2411.9545959149923
1770234017,2411.848926544831
1770234018,2413.3240509229404
1770234019,2415.2842499279154
1770234020,2415.2842499279154
1770234021,2414.6919174725454
1770234022,2415.6199090933883
1770234023,2415.482210489633
1770234024,2415.076240340379
1770234025,2415.076240340379
1770234026,2415.0426925405313
1770234027,2415.0426925405313
1770234028,2414.5988611654916
1770234029,2414.1433885286756
1770234032,2414.614353033881
1770234034,2415.0228083640054
1770234035,2414.2028174096863
1770234036,2413.9728561050983
1770234038,2414.2829721913336
1770234039,2413.980200336323
1770234041,2413.980200336323
1770234042,2414.5033537997747
1770234045,2416.744384224574
1770234047,2416.744384224574
1770234048,2416.669512680654
1770234611,2416.669512680654
1770234612,2415.9114171931787
1770234613,2415.2703090086115
1770234614,2418.9629542668586
1770234615,2418.4927242012154
1770234616,2418.0139915748564
1770234617,2418.0294834432457
1770234618,2417.199648406045
1770234619,2417.6033795167373
1770234620,2418.1535889956585
1770234621,2420.3946194204577
1770235212,2420.319747876538
1770235213,2419.8147727521596
1770235214,2419.5363344352695
1770235215,2418.8619669129234
1770235216,2422.2972902960078
1770235217,2422.3127247868397
1770235218,2421.87935376317
1770235219,2421.445138967583
1770235220,2421.4427638408742
1770235221,2420.9336923797673
1770235222,2421.307258931174
1770235223,2421.8475181613394
1770235224,2424.0885485861386
1770235225,2424.0136770422187
1770235812,2424.0136770422187
1770235813,2423.4966281403863
1770235815,2423.1618178170033
1770235816,2422.8024382442786
1770235817,2422.6489018718307
1770235818,2424.12402624994
1770235819,2426.084225254915
1770235820,2426.084225254915
1770235821,2426.7914383050997
1770235822,2426.7914383050997
1770235823,2426.385468155846
1770235824,2426.385468155846
1770235825,2426.37551790709
1770235826,2426.185558612653
1770235828,2425.492120432709
1770235831,2425.1006254629433
1770235832,2425.4214952049115
1770235833,2424.5915540018364
1770235834,2424.4578475341746
1770235835,2423.9642088573296
1770235836,2424.776761478837
1770235837,2424.7813707852465
1770235838,2424.853924682427
1770235839,2424.853924682427
1770235840,2425.3266236874024
1770235841,2427.1444575947885
1770235844,2427.505776002749
1770235846,2427.430904458829
1770236412,2427.430904458829
1770236413,2426.6354172401066
1770236414,2430.45081072816
1770236415,2430.7712411372336
1770236416,2429.9639846968134
1770236417,2428.5056654110062
1770236418,2429.2095390469067
1770236419,2431.985146586134
1770237011,2431.910275042214
1770237012,2431.4052999178357
1770237013,2430.883958469544
1770237014,2434.660770355802
1770237015,2435.4769063938784
1770237016,2435.0609859958686
1770237017,2433.538077561102
1770237018,2433.2381794234207
1770237019,2432.9657282563207
1770237020,2433.1253956058476
1770237021,2435.455480757015
1770237022,2435.380609213095
1770237611,2435.380609213095
1770237612,2435.0406423805907
1770237613,2434.488240547946
1770237614,2435.538050190521
1770237615,2437.227759538518
1770237616,2437.9450835936236
1770237617,2437.372056709266
1770237618,2436.1462660768084
1770237619,2436.1528374977784
1770237620,2435.003890048236
1770237621,2435.1361790166175
1770237622,2435.9794345698374
1770237624,2439.1548698932206
1770238812,2439.1278498211673
1770238814,2438.5322044361696
1770238815,2438.8522707711613
1770238816,2438.568679161092
1770238817,2439.218762079832
1770238818,2441.178961084807
1770238819,2440.9084714278288
1770238820,2442.005047371639
1770238821,2442.160105414757
1770238822,2441.754135265503
1770238823,2441.1151050643957
1770238824,2440.6185139459144
1770238826,2439.923791079309
1770238827,2439.02815707492
1770238828,2437.9968726061393
1770238829,2438.8124984507594
1770238830,2438.8124984507594
1770238831,2439.272821833844
1770238832,2441.377403094209
1770238833,2441.3851323052963
1770239411,2441.3851323052963
1770239412,2440.7894869202987
1770239413,2440.708818832168
1770239414,2443.1223118270855
1770239415,2444.057253835311
1770239416,2443.651283686057
1770239417,2442.5171291068405
1770239418,2441.87031187336
1770239419,2441.0517936946876
1770239420,2440.0250776372936
1770239421,2440.782552169395
1770239422,2441.190092779597
1770239423,2443.8268257812556
1770240022,2443.834554992343
1770240023,2443.2161498429487
1770240024,2445.138811281363
1770240025,2445.923753088166
1770240026,2444.162357563141
1770240027,2443.6256823108115
1770240028,2444.520671649831
1770240029,2447.5649452616917
1770240611,2447.572674472779
1770240612,2447.5455322320495
1770240613,2447.747735501417
1770240614,2450.368667491833
1770240615,2451.3390208532314
1770240616,2450.442527965557
1770240617,2449.3870243443785
1770240618,2448.7025754028537
1770240619,2448.7982635532853
1770240620,2449.523134037354
1770240621,2452.093863722263
1770241211,2452.1015929333503
1770241212,2452.034351145573
1770241213,2454.203616065472
1770241214,2454.2963898076114
1770241215,2452.932110725949
1770241216,2452.276870897588
1770241217,2452.457326506449
1770241218,2454.374971214635
1770241811,2454.3827004257223
1770241812,2454.2952965360796
1770241813,2454.2013466426897
1770241814,2456.677922098743
1770241815,2456.937860224876
1770241816,2456.5318900756224
1770241817,2455.5311192015306
1770241818,2455.363102526075
1770241819,2454.186167298034
1770241820,2454.2557398495746
1770241821,2454.113261763813
1770241823,2455.4884397524806
1770241824,2455.496168963568
1770242412,2455.496168963568
1770242413,2455.408765073925
1770242414,2455.7938517405146
1770242415,2458.106992514378
1770242416,2458.106992514378
1770242417,2456.6641780310206
1770242418,2456.520192067466
1770242419,2455.463360981232
1770242420,2455.3491700312206
1770242421,2456.876663366233
1770242421,2456.8843925773203
